user_id,age,travel_type,region_visited,spending_usd,num_reviews,days_trip,social_shares,satisfaction_score,would_recommend
U0001,56,Turismo,Costa,379.47,14,8,0,4.19,1
U0002,46,Negocios,Costa,286.09,1,10,5,4.02,1
U0003,32,Familiar,Costa,421.81,9,12,3,5.0,1
U0004,60,Turismo,Costa,345.81,17,9,2,4.38,1
U0005,25,Negocios,Selva,310.14,14,7,4,3.56,1
U0006,38,Negocios,Costa,396.96,13,8,4,4.3,1
U0007,56,Turismo,Selva,330.91,13,10,6,4.24,1
U0008,36,Turismo,Sierra,485.88,6,12,3,4.38,1
U0009,40,Turismo,Sierra,217.52,7,7,2,3.48,1
U0010,28,Negocios,Sierra,226.98,2,2,0,3.49,0
U0011,28,Turismo,Costa,334.91,8,5,3,3.8,1
U0012,41,Turismo,Costa,147.27,6,9,3,4.14,1
U0013,53,Turismo,Costa,325.98,3,8,4,3.67,1
U0014,57,Turismo,Sierra,233.04,18,4,3,3.69,1
U0015,41,Turismo,Costa,398.0,18,11,4,4.7,1
U0016,20,Negocios,Sierra,324.45,6,4,1,3.82,1
U0017,39,Pareja,Costa,378.45,11,12,0,4.88,1
U0018,19,Turismo,Costa,179.65,3,4,3,3.35,0
U0019,41,Turismo,Costa,442.8,16,13,2,4.53,1
U0020,61,Negocios,Selva,250.65,5,2,3,3.5,0
U0021,47,Turismo,Sierra,422.34,2,11,2,4.61,1
U0022,55,Negocios,Costa,196.15,15,2,3,3.76,1
U0023,19,Turismo,Sierra,294.07,16,7,3,4.58,1
U0024,38,Pareja,Costa,94.09,7,2,0,3.25,1
U0025,50,Turismo,Selva,312.61,16,6,1,3.51,1
U0026,29,Negocios,Sierra,296.36,4,5,2,4.38,1
U0027,39,Negocios,Costa,248.7,16,6,4,3.57,1
U0028,61,Turismo,Sierra,304.52,17,8,3,4.21,1
U0029,42,Negocios,Costa,253.12,2,7,0,3.76,0
U0030,44,Negocios,Selva,482.25,16,13,5,3.99,1
U0031,59,Familiar,Costa,353.9,4,10,3,4.6,1
U0032,45,Turismo,Sierra,298.07,7,7,2,4.22,1
U0033,33,Turismo,Costa,403.65,18,10,2,4.14,1
U0034,32,Pareja,Sierra,277.44,6,5,2,3.98,1
U0035,64,Negocios,Sierra,222.6,18,2,1,3.77,1
U0036,61,Pareja,Sierra,203.18,7,2,0,3.12,0
U0037,20,Turismo,Sierra,404.27,2,11,5,4.29,0
U0038,54,Familiar,Selva,337.13,19,8,5,4.85,1
U0039,24,Turismo,Costa,483.71,9,14,0,5.0,0
U0040,38,Familiar,Costa,486.14,4,14,1,5.0,1
U0041,26,Pareja,Costa,399.83,14,14,2,4.82,1
U0042,56,Turismo,Selva,209.02,5,4,2,3.41,0
U0043,35,Pareja,Costa,206.49,7,3,4,4.1,1
U0044,21,Turismo,Sierra,328.12,8,7,2,4.34,1
U0045,42,Turismo,Sierra,385.41,15,7,5,4.16,1
U0046,31,Turismo,Costa,420.41,19,14,3,4.81,1
U0047,26,Turismo,Costa,371.69,11,8,2,4.04,1
U0048,43,Negocios,Costa,254.87,4,6,4,3.6,0
U0049,19,Turismo,Costa,418.5,18,9,4,4.37,1
U0050,37,Turismo,Costa,423.37,14,8,2,4.42,1
U0051,45,Familiar,Costa,129.26,6,3,0,4.23,0
U0052,64,Familiar,Selva,178.12,16,2,5,4.03,1
U0053,24,Turismo,Selva,343.56,18,14,2,4.44,1
U0054,61,Turismo,Costa,287.7,1,10,3,4.63,1
U0055,25,Turismo,Costa,201.94,8,6,0,3.62,0
U0056,64,Negocios,Costa,470.05,1,13,5,5.0,1
U0057,52,Negocios,Sierra,438.48,1,12,3,4.24,1
U0058,31,Turismo,Selva,323.38,19,6,3,4.32,1
U0059,34,Turismo,Costa,469.24,10,13,1,4.78,1
U0060,53,Pareja,Costa,418.66,18,11,6,3.99,1
U0061,57,Turismo,Sierra,266.69,12,5,2,4.0,1
U0062,21,Turismo,Sierra,210.11,17,3,4,3.81,1
U0063,19,Turismo,Costa,334.29,1,6,3,4.03,1
U0064,23,Negocios,Sierra,217.27,8,3,1,3.47,1
U0065,59,Turismo,Costa,465.11,10,13,3,4.73,1
U0066,21,Turismo,Costa,211.24,10,8,3,3.44,0
U0067,46,Turismo,Sierra,357.88,18,12,1,3.61,1
U0068,35,Turismo,Selva,421.2,9,10,5,4.73,1
U0069,43,Pareja,Costa,338.77,2,10,2,4.13,0
U0070,61,Familiar,Selva,346.86,3,12,8,5.0,1
U0071,51,Turismo,Costa,337.6,2,7,5,4.64,1
U0072,27,Turismo,Sierra,194.5,6,2,3,3.96,1
U0073,53,Turismo,Costa,440.72,12,14,2,4.59,1
U0074,31,Negocios,Selva,380.99,19,7,0,3.63,1
U0075,48,Turismo,Selva,350.19,15,6,2,3.67,1
U0076,32,Negocios,Costa,251.7,19,5,6,3.82,1
U0077,25,Turismo,Selva,474.97,12,13,4,3.89,1
U0078,31,Turismo,Selva,193.6,18,7,3,3.59,1
U0079,40,Negocios,Sierra,360.2,16,7,4,4.01,1
U0080,57,Pareja,Costa,251.2,2,7,2,3.66,0
U0081,38,Pareja,Selva,144.05,11,3,2,3.13,0
U0082,33,Familiar,Selva,238.49,12,8,2,4.11,1
U0083,62,Turismo,Costa,167.97,5,5,3,3.89,0
U0084,35,Familiar,Selva,515.08,6,14,3,4.76,1
U0085,64,Negocios,Costa,470.41,11,13,5,4.88,1
U0086,41,Familiar,Costa,333.9,10,10,5,4.71,1
U0087,43,Negocios,Sierra,437.16,4,11,2,4.44,1
U0088,42,Familiar,Sierra,186.91,9,3,0,3.63,1
U0089,62,Turismo,Sierra,299.5,12,6,1,3.5,0
U0090,58,Familiar,Costa,236.98,10,5,3,4.73,1
U0091,46,Pareja,Selva,366.19,14,10,2,4.42,1
U0092,32,Negocios,Costa,215.69,5,5,5,4.18,1
U0093,62,Turismo,Costa,311.98,1,9,2,4.25,0
U0094,18,Pareja,Costa,377.18,5,9,2,4.36,0
U0095,42,Turismo,Sierra,340.77,16,7,5,4.18,1
U0096,24,Familiar,Selva,284.83,5,7,7,3.67,1
U0097,26,Turismo,Sierra,340.35,5,12,4,3.95,1
U0098,41,Turismo,Selva,473.53,18,9,5,4.16,1
U0099,18,Turismo,Costa,440.68,6,13,3,4.59,1
U0100,61,Negocios,Sierra,476.67,18,14,5,4.39,1
U0101,25,Familiar,Costa,375.78,10,13,2,5.0,1
U0102,41,Turismo,Costa,455.17,15,11,6,4.68,1
U0103,28,Turismo,Costa,440.59,11,10,2,5.0,1
U0104,34,Turismo,Sierra,197.91,19,6,1,4.44,1
U0105,25,Turismo,Sierra,411.51,13,12,1,4.04,0
U0106,52,Familiar,Sierra,185.42,3,2,8,3.82,1
U0107,52,Pareja,Costa,313.86,16,2,5,3.97,1
U0108,50,Turismo,Costa,288.84,7,3,4,3.92,0
U0109,22,Familiar,Sierra,321.87,12,11,1,4.17,1
U0110,59,Familiar,Costa,358.01,15,11,6,4.49,1
U0111,56,Turismo,Selva,238.67,8,6,1,3.85,0
U0112,58,Pareja,Sierra,279.68,17,5,5,3.53,1
U0113,45,Negocios,Costa,273.05,1,2,2,3.89,0
U0114,24,Negocios,Selva,266.55,8,5,6,3.71,1
U0115,26,Familiar,Sierra,286.15,14,5,3,4.16,1
U0116,25,Turismo,Costa,361.19,10,11,6,4.19,1
U0117,29,Familiar,Sierra,285.89,19,5,3,4.17,1
U0118,51,Familiar,Costa,170.84,8,2,6,3.68,1
U0119,50,Negocios,Selva,290.15,19,10,5,4.13,1
U0120,40,Familiar,Selva,260.42,4,4,1,4.42,1
U0121,41,Turismo,Selva,460.58,10,14,3,4.7,1
U0122,54,Turismo,Sierra,206.24,3,5,3,3.76,1
U0123,52,Turismo,Costa,365.58,4,6,2,4.48,1
U0124,61,Pareja,Sierra,422.75,16,14,4,4.12,1
U0125,57,Negocios,Costa,491.52,4,14,2,5.0,1
U0126,39,Turismo,Sierra,309.63,13,8,4,3.7,1
U0127,44,Turismo,Sierra,382.71,17,7,4,4.38,1
U0128,52,Familiar,Costa,271.44,16,6,0,4.57,1
U0129,18,Turismo,Costa,266.24,17,9,4,3.91,1
U0130,52,Negocios,Selva,234.94,6,2,2,3.87,0
U0131,54,Turismo,Selva,404.73,3,8,3,4.36,1
U0132,64,Turismo,Costa,417.47,4,13,3,5.0,1
U0133,31,Familiar,Costa,339.48,8,7,2,4.59,1
U0134,20,Turismo,Costa,423.1,9,12,0,4.61,1
U0135,18,Negocios,Selva,264.18,1,6,1,3.67,0
U0136,22,Pareja,Costa,369.79,13,8,5,3.82,1
U0137,43,Negocios,Sierra,198.87,2,4,4,3.5,0
U0138,31,Pareja,Costa,196.06,10,2,2,3.61,1
U0139,56,Turismo,Sierra,385.06,19,10,1,4.35,1
U0140,44,Familiar,Costa,227.71,17,3,1,3.68,1
U0141,26,Turismo,Sierra,422.3,13,14,3,4.47,1
U0142,32,Negocios,Costa,497.39,14,11,3,4.92,1
U0143,32,Familiar,Sierra,301.99,11,4,3,4.31,1
U0144,43,Familiar,Costa,399.49,10,9,5,4.19,1
U0145,59,Familiar,Sierra,510.51,7,13,4,5.0,1
U0146,30,Negocios,Selva,397.85,10,11,3,4.27,1
U0147,49,Familiar,Costa,353.63,1,10,0,4.65,0
U0148,56,Familiar,Selva,406.62,14,14,7,4.1,1
U0149,49,Turismo,Sierra,203.7,3,4,3,4.06,1
U0150,21,Familiar,Costa,254.83,13,7,4,4.41,1
U0151,47,Familiar,Costa,301.35,2,8,4,4.04,0
U0152,54,Turismo,Costa,208.26,17,2,4,3.83,1
U0153,40,Negocios,Sierra,373.45,3,8,1,4.25,1
U0154,56,Turismo,Sierra,305.41,15,5,4,4.23,1
U0155,62,Negocios,Costa,224.74,8,6,3,3.86,0
U0156,32,Turismo,Sierra,384.43,6,9,4,4.22,1
U0157,60,Turismo,Selva,318.29,9,5,2,3.69,1
U0158,46,Negocios,Selva,248.38,11,5,5,3.93,1
U0159,53,Turismo,Sierra,409.86,2,9,3,4.03,0
U0160,30,Negocios,Selva,327.1,9,6,1,3.69,1
U0161,49,Familiar,Sierra,397.84,18,14,4,4.78,1
U0162,24,Pareja,Costa,415.12,19,7,6,4.01,1
U0163,39,Negocios,Selva,403.07,18,13,1,4.94,1
U0164,45,Pareja,Costa,464.5,5,12,3,5.0,1
U0165,19,Turismo,Costa,329.38,18,6,2,4.02,1
U0166,59,Turismo,Costa,133.24,12,2,6,3.15,1
U0167,62,Negocios,Selva,336.7,4,8,1,4.17,1
U0168,23,Turismo,Selva,350.98,15,7,4,3.91,1
U0169,45,Familiar,Costa,154.93,11,3,2,4.31,1
U0170,45,Familiar,Costa,421.61,19,12,5,4.71,1
U0171,61,Negocios,Costa,377.39,5,8,2,4.52,1
U0172,61,Negocios,Sierra,358.4,6,7,1,4.1,1
U0173,37,Turismo,Costa,263.46,13,6,2,3.82,1
U0174,47,Turismo,Sierra,427.19,10,9,5,4.38,1
U0175,28,Negocios,Costa,348.59,14,6,2,4.46,1
U0176,45,Turismo,Costa,428.69,4,12,2,4.68,1
U0177,42,Familiar,Costa,183.71,12,3,3,4.05,1
U0178,56,Pareja,Costa,247.24,15,7,4,3.78,1
U0179,50,Turismo,Selva,457.73,10,13,2,4.91,1
U0180,18,Pareja,Costa,267.66,11,2,4,4.15,1
U0181,44,Turismo,Costa,275.96,9,6,4,3.93,1
U0182,30,Turismo,Costa,262.58,11,7,3,4.04,1
U0183,58,Negocios,Costa,369.0,2,8,7,4.76,1
U0184,20,Turismo,Costa,225.38,13,3,0,3.46,0
U0185,56,Pareja,Costa,220.23,8,2,4,3.92,1
U0186,23,Turismo,Sierra,279.27,8,7,5,3.74,1
U0187,25,Turismo,Sierra,220.38,1,4,3,4.17,0
U0188,44,Turismo,Costa,256.81,6,6,0,4.03,0
U0189,26,Negocios,Costa,463.81,13,13,5,5.0,1
U0190,54,Familiar,Selva,399.66,9,12,4,4.47,1
U0191,50,Turismo,Costa,490.69,6,14,1,4.51,0
U0192,59,Turismo,Costa,185.59,15,3,0,3.65,1
U0193,61,Turismo,Costa,219.31,16,2,3,3.82,1
U0194,41,Turismo,Costa,229.63,4,2,4,3.61,1
U0195,32,Negocios,Sierra,477.64,17,14,4,4.88,1
U0196,49,Turismo,Costa,462.48,9,12,1,4.66,1
U0197,49,Negocios,Sierra,237.02,12,5,2,3.1,0
U0198,41,Familiar,Costa,429.04,19,11,1,5.0,1
U0199,58,Familiar,Costa,472.74,12,14,1,4.88,1
U0200,29,Familiar,Sierra,176.17,6,3,0,3.69,0
U0201,56,Turismo,Costa,99.09,12,2,4,3.96,1
U0202,19,Turismo,Sierra,220.88,9,7,3,4.32,1
U0203,20,Negocios,Costa,150.68,5,5,1,3.58,0
U0204,54,Familiar,Sierra,415.72,3,11,5,4.85,1
U0205,34,Turismo,Costa,444.83,2,14,5,4.62,1
U0206,19,Turismo,Selva,443.21,8,13,3,4.45,1
U0207,19,Turismo,Costa,318.73,10,8,7,4.06,1
U0208,45,Negocios,Selva,445.71,15,12,1,3.97,1
U0209,40,Turismo,Costa,336.08,9,7,3,4.25,1
U0210,54,Negocios,Sierra,285.46,10,6,5,3.96,1
U0211,49,Familiar,Costa,399.58,11,11,2,4.65,1
U0212,50,Turismo,Selva,446.02,9,13,2,4.87,1
U0213,18,Negocios,Costa,530.66,14,14,2,4.83,1
U0214,36,Turismo,Costa,338.62,5,13,5,4.34,1
U0215,19,Negocios,Costa,405.32,9,13,2,4.82,1
U0216,61,Turismo,Costa,482.11,4,13,1,4.35,1
U0217,43,Familiar,Costa,272.05,2,3,3,4.47,0
U0218,49,Negocios,Selva,304.67,19,6,3,3.79,1
U0219,23,Familiar,Selva,362.98,1,10,1,4.82,1
U0220,49,Negocios,Costa,465.27,1,10,5,5.0,1
U0221,21,Negocios,Selva,225.55,12,3,2,3.79,1
U0222,28,Familiar,Sierra,329.29,11,8,4,4.11,1
U0223,34,Turismo,Costa,461.0,1,11,5,4.3,1
U0224,55,Negocios,Sierra,284.87,14,5,4,3.39,1
U0225,41,Turismo,Sierra,508.06,11,14,5,5.0,1
U0226,22,Turismo,Selva,513.92,7,14,4,4.69,1
U0227,51,Familiar,Costa,220.25,2,4,4,3.96,1
U0228,23,Turismo,Sierra,505.02,15,12,2,4.57,1
U0229,39,Familiar,Costa,71.33,8,2,6,4.07,1
U0230,28,Familiar,Costa,139.89,15,4,0,4.21,1
U0231,33,Turismo,Costa,382.62,8,12,1,4.7,1
U0232,50,Pareja,Selva,351.02,10,10,0,4.39,0
U0233,26,Turismo,Selva,390.32,19,10,2,4.33,1
U0234,23,Pareja,Sierra,293.28,3,8,1,4.08,1
U0235,33,Negocios,Sierra,238.28,14,4,2,3.74,0
U0236,46,Turismo,Costa,450.81,9,14,8,4.8,1
U0237,20,Turismo,Costa,339.1,9,4,5,4.3,1
U0238,37,Turismo,Costa,220.85,6,5,2,4.0,1
U0239,53,Turismo,Costa,243.6,8,8,1,3.82,1
U0240,36,Familiar,Sierra,383.7,11,8,2,4.63,1
U0241,43,Negocios,Sierra,403.15,8,13,5,4.53,1
U0242,20,Negocios,Costa,434.27,12,13,5,4.9,1
U0243,36,Familiar,Costa,184.35,10,3,2,3.99,1
U0244,37,Turismo,Costa,475.71,4,13,4,5.0,1
U0245,49,Pareja,Costa,214.6,16,6,1,3.91,1
U0246,24,Familiar,Selva,187.79,6,8,1,4.29,0
U0247,58,Pareja,Sierra,392.54,9,8,1,4.05,1
U0248,50,Familiar,Selva,317.91,5,7,5,4.17,1
U0249,57,Turismo,Costa,448.04,6,11,2,4.83,1
U0250,56,Negocios,Costa,457.52,17,11,4,4.57,1
U0251,35,Familiar,Costa,393.03,17,13,4,5.0,1
U0252,57,Turismo,Selva,353.01,13,9,5,4.33,1
U0253,18,Negocios,Sierra,264.15,17,4,4,3.74,1
U0254,28,Turismo,Costa,189.02,14,2,3,3.92,1
U0255,45,Pareja,Sierra,223.27,2,4,3,3.5,1
U0256,42,Turismo,Costa,405.95,19,12,3,4.89,1
U0257,40,Turismo,Sierra,270.83,3,3,5,3.96,1
U0258,48,Turismo,Selva,203.71,2,3,4,3.93,1
U0259,47,Negocios,Sierra,246.67,2,3,3,3.51,0
U0260,59,Turismo,Sierra,300.66,7,6,2,3.53,1
U0261,52,Turismo,Costa,412.86,4,14,4,4.54,1
U0262,24,Negocios,Costa,209.54,17,2,5,3.63,1
U0263,33,Familiar,Costa,317.48,6,11,1,5.0,1
U0264,43,Turismo,Costa,281.17,7,5,5,4.67,1
U0265,19,Familiar,Sierra,438.97,6,11,5,4.83,1
U0266,18,Familiar,Sierra,339.39,9,6,2,4.28,1
U0267,29,Negocios,Costa,169.02,4,3,2,3.58,0
U0268,22,Turismo,Selva,256.51,5,6,2,4.06,0
U0269,54,Turismo,Costa,408.61,19,11,2,5.0,1
U0270,49,Familiar,Costa,237.3,10,5,4,4.76,1
U0271,26,Negocios,Costa,253.53,18,9,3,4.5,1
U0272,58,Turismo,Costa,167.35,15,2,1,3.97,1
U0273,52,Turismo,Costa,452.86,1,13,5,5.0,1
U0274,36,Turismo,Costa,336.69,5,6,2,4.16,1
U0275,33,Negocios,Costa,501.09,5,12,3,4.58,0
U0276,20,Turismo,Selva,445.1,8,13,0,4.53,1
U0277,37,Familiar,Costa,422.74,15,11,1,5.0,1
U0278,41,Turismo,Costa,242.48,17,2,3,3.35,1
U0279,50,Turismo,Costa,291.88,19,11,2,4.29,1
U0280,41,Turismo,Sierra,343.45,13,11,2,3.99,1
U0281,28,Familiar,Costa,266.22,10,5,3,4.59,1
U0282,25,Negocios,Selva,427.77,17,9,2,4.14,1
U0283,53,Familiar,Sierra,225.93,5,2,3,3.95,1
U0284,55,Turismo,Sierra,433.11,18,12,5,4.26,1
U0285,57,Turismo,Sierra,205.25,17,3,3,4.04,1
U0286,37,Negocios,Costa,215.78,4,2,5,3.22,1
U0287,52,Negocios,Costa,386.81,7,12,4,4.72,1
U0288,42,Turismo,Costa,288.76,5,8,4,3.79,0
U0289,52,Turismo,Sierra,182.01,8,3,4,3.36,0
U0290,42,Familiar,Costa,261.46,8,2,2,4.18,1
U0291,46,Negocios,Costa,396.84,11,13,2,4.72,1
U0292,35,Turismo,Selva,285.6,9,7,5,3.99,1
U0293,63,Turismo,Costa,329.08,19,7,5,4.25,1
U0294,35,Negocios,Selva,350.4,19,11,1,4.06,1
U0295,19,Negocios,Sierra,227.97,9,3,3,3.56,0
U0296,52,Turismo,Costa,205.73,17,2,8,3.72,1
U0297,33,Turismo,Costa,363.19,16,11,3,4.53,1
U0298,58,Turismo,Costa,225.94,7,4,6,3.83,1
U0299,53,Turismo,Sierra,347.23,3,11,1,4.46,0
U0300,50,Turismo,Sierra,352.45,19,6,3,4.03,1
U0301,21,Negocios,Sierra,318.41,8,7,2,4.05,1
U0302,50,Turismo,Selva,186.44,5,4,1,3.46,0
U0303,31,Pareja,Sierra,378.51,6,10,2,3.94,0
U0304,38,Turismo,Costa,425.21,2,12,3,4.7,1
U0305,37,Turismo,Costa,171.15,19,6,4,4.2,1
U0306,25,Turismo,Selva,528.09,13,14,2,4.89,1
U0307,24,Familiar,Costa,167.18,6,3,2,3.74,0
U0308,20,Familiar,Costa,498.92,6,11,3,5.0,1
U0309,34,Turismo,Sierra,345.3,2,7,5,3.94,1
U0310,50,Pareja,Costa,382.51,5,13,3,4.83,1
U0311,29,Negocios,Selva,334.26,11,9,3,4.01,1
U0312,39,Negocios,Sierra,462.76,11,12,2,4.63,1
U0313,39,Familiar,Costa,293.65,14,7,1,4.28,1
U0314,63,Familiar,Selva,320.01,13,5,3,4.04,1
U0315,47,Negocios,Costa,286.73,8,7,4,3.65,1
U0316,55,Turismo,Costa,346.04,15,9,2,4.5,1
U0317,55,Negocios,Costa,397.48,12,9,1,4.56,1
U0318,62,Turismo,Costa,491.24,3,14,5,5.0,1
U0319,25,Familiar,Costa,348.15,5,11,2,4.83,1
U0320,44,Turismo,Costa,238.36,6,3,2,3.6,0
U0321,44,Turismo,Costa,358.34,2,9,5,4.66,0
U0322,51,Turismo,Costa,259.95,8,7,1,4.37,1
U0323,38,Negocios,Sierra,147.13,5,3,3,3.21,0
U0324,47,Turismo,Selva,97.87,17,2,6,3.46,1
U0325,50,Turismo,Costa,290.81,2,7,4,4.39,1
U0326,45,Pareja,Costa,458.37,11,14,6,4.68,1
U0327,64,Familiar,Costa,352.98,4,8,0,4.52,0
U0328,50,Negocios,Costa,435.43,11,11,3,4.78,1
U0329,22,Familiar,Sierra,262.62,9,6,5,3.67,1
U0330,36,Familiar,Sierra,390.26,6,11,3,4.3,1
U0331,21,Familiar,Costa,312.04,2,9,4,4.28,0
U0332,52,Turismo,Costa,420.99,15,12,1,4.1,1
U0333,34,Turismo,Costa,509.49,5,14,7,5.0,1
U0334,61,Turismo,Sierra,443.91,12,13,2,3.94,1
U0335,45,Negocios,Costa,430.36,13,10,4,4.66,1
U0336,47,Negocios,Selva,308.68,17,5,4,4.11,1
U0337,46,Negocios,Sierra,400.64,4,8,1,4.11,0
U0338,63,Turismo,Costa,356.43,10,9,3,4.16,1
U0339,23,Familiar,Sierra,434.45,1,14,3,4.94,1
U0340,52,Turismo,Selva,336.6,11,7,6,4.02,1
U0341,58,Negocios,Sierra,198.01,16,3,4,3.85,1
U0342,54,Pareja,Costa,357.25,11,8,3,3.53,1
U0343,41,Pareja,Costa,427.93,9,14,3,4.48,1
U0344,46,Familiar,Selva,330.77,2,10,3,4.63,1
U0345,63,Pareja,Sierra,344.14,7,6,3,4.0,1
U0346,48,Turismo,Sierra,166.03,19,3,4,3.71,1
U0347,52,Pareja,Selva,312.21,18,5,3,3.95,1
U0348,50,Negocios,Selva,268.18,7,4,1,3.7,0
U0349,38,Turismo,Selva,265.81,9,5,4,3.69,1
U0350,49,Negocios,Costa,299.78,12,11,5,5.0,1
U0351,40,Negocios,Sierra,402.04,3,8,5,4.66,1
U0352,50,Negocios,Sierra,347.67,16,11,3,4.39,1
U0353,20,Turismo,Sierra,397.63,7,9,3,4.27,1
U0354,35,Familiar,Sierra,159.89,5,2,5,3.88,1
U0355,42,Turismo,Costa,422.51,7,14,3,4.99,1
U0356,59,Negocios,Sierra,383.4,19,9,2,4.34,1
U0357,48,Familiar,Sierra,310.24,17,6,3,4.0,1
U0358,20,Turismo,Costa,381.59,16,13,1,5.0,1
U0359,57,Turismo,Costa,399.59,19,8,4,4.47,1
U0360,63,Turismo,Costa,406.33,18,12,5,5.0,1
U0361,41,Turismo,Costa,420.08,19,12,3,4.7,1
U0362,49,Turismo,Costa,179.58,4,2,3,3.59,1
U0363,64,Pareja,Costa,161.52,1,3,1,4.09,1
U0364,39,Turismo,Sierra,231.2,4,2,2,3.65,0
U0365,40,Turismo,Sierra,297.79,4,6,2,3.94,1
U0366,19,Familiar,Sierra,265.28,9,7,6,3.82,1
U0367,44,Familiar,Selva,441.62,8,11,5,4.93,1
U0368,59,Negocios,Costa,374.93,2,10,4,4.3,0
U0369,19,Negocios,Costa,353.79,6,9,6,4.22,1
U0370,43,Negocios,Selva,416.58,11,8,4,4.09,1
U0371,34,Turismo,Costa,358.45,4,13,1,4.7,0
U0372,57,Turismo,Selva,202.25,14,6,6,3.24,1
U0373,50,Negocios,Selva,169.08,9,4,2,3.47,1
U0374,26,Pareja,Sierra,390.37,2,10,2,4.57,1
U0375,60,Turismo,Selva,443.12,1,14,3,4.21,0
U0376,56,Negocios,Costa,269.34,4,6,5,4.09,1
U0377,46,Turismo,Costa,191.76,12,4,3,3.59,1
U0378,59,Turismo,Sierra,322.14,5,4,3,3.72,1
U0379,43,Negocios,Costa,338.93,9,4,1,4.57,0
U0380,52,Turismo,Selva,350.48,4,7,2,3.56,0
U0381,42,Familiar,Costa,119.07,16,2,3,4.07,1
U0382,41,Turismo,Sierra,392.28,2,12,1,4.24,0
U0383,30,Turismo,Sierra,302.47,16,5,1,3.7,1
U0384,24,Turismo,Sierra,458.78,16,14,4,4.28,1
U0385,53,Negocios,Costa,395.08,11,9,2,4.67,1
U0386,62,Negocios,Costa,301.27,1,4,4,3.95,0
U0387,37,Turismo,Selva,378.67,15,6,4,3.96,1
U0388,18,Negocios,Costa,183.91,4,3,1,3.75,1
U0389,25,Negocios,Selva,220.72,18,3,3,3.54,1
U0390,63,Familiar,Sierra,394.59,17,12,3,4.09,1
U0391,33,Pareja,Sierra,361.03,7,14,1,4.27,0
U0392,31,Familiar,Sierra,362.83,18,8,3,4.69,1
U0393,29,Familiar,Costa,422.58,13,11,2,4.44,1
U0394,40,Negocios,Sierra,211.54,10,4,5,3.3,1
U0395,32,Pareja,Selva,203.41,1,6,5,3.58,0
U0396,45,Negocios,Costa,219.67,2,4,6,3.62,0
U0397,51,Pareja,Selva,342.09,17,7,3,4.03,1
U0398,19,Pareja,Costa,527.93,3,14,2,4.63,0
U0399,49,Familiar,Costa,358.78,17,11,1,4.65,1
U0400,40,Pareja,Costa,294.26,12,4,2,3.97,1
U0401,39,Turismo,Selva,381.1,12,9,1,4.41,1
U0402,42,Turismo,Costa,237.32,10,3,3,4.2,1
U0403,39,Turismo,Selva,174.2,7,4,4,3.47,1
U0404,39,Turismo,Selva,287.47,10,9,4,4.59,1
U0405,59,Negocios,Costa,308.43,18,9,1,4.21,1
U0406,23,Turismo,Costa,178.12,6,2,1,3.9,1
U0407,32,Pareja,Sierra,440.01,7,9,5,4.91,1
U0408,60,Negocios,Costa,361.3,17,11,3,4.51,1
U0409,54,Familiar,Sierra,255.22,12,3,0,3.55,1
U0410,50,Pareja,Costa,415.61,17,13,8,4.71,1
U0411,25,Pareja,Costa,351.39,18,8,2,4.12,1
U0412,61,Pareja,Sierra,302.38,14,7,5,3.87,1
U0413,61,Turismo,Costa,225.51,11,3,3,4.4,1
U0414,22,Pareja,Costa,301.8,2,6,2,3.74,0
U0415,56,Familiar,Costa,315.28,1,8,7,4.62,1
U0416,21,Negocios,Costa,368.7,11,9,0,4.12,1
U0417,23,Turismo,Sierra,300.57,2,4,3,3.71,1
U0418,62,Familiar,Selva,156.73,16,2,4,3.94,1
U0419,49,Negocios,Costa,520.36,3,14,4,5.0,1
U0420,47,Turismo,Sierra,314.49,1,8,4,3.96,0
U0421,64,Turismo,Sierra,442.52,8,14,8,4.39,1
U0422,52,Negocios,Costa,318.29,19,6,4,4.23,1
U0423,57,Turismo,Costa,266.26,1,6,2,4.54,1
U0424,33,Familiar,Selva,343.71,5,8,1,4.12,1
U0425,30,Turismo,Sierra,205.73,1,2,2,4.08,0
U0426,59,Negocios,Sierra,245.8,11,9,0,4.3,0
U0427,47,Negocios,Sierra,459.73,9,13,4,4.98,1
U0428,36,Turismo,Costa,322.36,5,11,3,4.49,1
U0429,34,Pareja,Sierra,215.07,2,6,1,4.08,0
U0430,36,Negocios,Sierra,368.3,13,9,3,3.88,1
U0431,45,Turismo,Sierra,421.24,18,11,6,4.19,1
U0432,43,Negocios,Costa,454.66,12,11,4,4.89,1
U0433,54,Turismo,Costa,228.85,14,6,1,4.05,1
U0434,43,Familiar,Costa,401.78,5,13,1,4.91,1
U0435,40,Familiar,Selva,350.97,10,8,3,3.65,0
U0436,26,Negocios,Costa,455.62,2,11,3,4.53,0
U0437,29,Turismo,Costa,248.49,4,4,7,3.54,1
U0438,18,Negocios,Costa,172.76,12,3,5,3.84,1
U0439,18,Turismo,Costa,380.85,11,7,7,4.25,1
U0440,64,Turismo,Sierra,270.2,4,6,3,3.65,1
U0441,51,Negocios,Sierra,360.63,11,10,2,5.0,1
U0442,49,Turismo,Sierra,322.62,9,11,4,4.51,1
U0443,42,Turismo,Costa,297.3,10,5,2,4.36,1
U0444,57,Pareja,Sierra,459.26,6,12,6,5.0,1
U0445,62,Pareja,Costa,203.58,15,4,3,4.05,1
U0446,18,Negocios,Costa,459.75,10,10,1,4.39,0
U0447,33,Familiar,Costa,320.62,6,9,2,4.32,1
U0448,56,Turismo,Costa,336.8,1,7,6,4.51,1
U0449,22,Turismo,Costa,205.62,4,2,4,3.09,0
U0450,39,Familiar,Sierra,293.13,14,11,3,4.41,1
U0451,46,Pareja,Sierra,488.26,8,14,4,4.03,1
U0452,20,Pareja,Selva,461.55,11,13,3,4.6,1
U0453,29,Turismo,Costa,328.31,15,12,4,4.71,1
U0454,43,Turismo,Costa,270.7,19,2,2,3.93,1
U0455,33,Familiar,Costa,461.76,8,13,7,5.0,1
U0456,54,Turismo,Selva,367.5,13,7,3,4.67,1
U0457,39,Turismo,Sierra,375.26,18,14,4,4.41,1
U0458,46,Turismo,Sierra,218.35,17,4,6,4.48,1
U0459,31,Turismo,Costa,297.91,6,4,4,4.06,1
U0460,45,Negocios,Sierra,227.12,15,7,2,4.09,1
U0461,22,Negocios,Costa,442.01,13,14,6,4.6,1
U0462,64,Pareja,Sierra,259.2,18,4,2,4.2,1
U0463,47,Negocios,Selva,366.34,11,14,3,4.75,1
U0464,63,Turismo,Selva,350.56,13,12,2,4.74,1
U0465,22,Negocios,Sierra,463.51,1,11,4,4.49,1
U0466,29,Negocios,Costa,308.52,18,7,6,3.79,1
U0467,33,Negocios,Selva,342.15,5,6,2,4.12,0
U0468,43,Negocios,Sierra,270.2,6,5,2,3.28,1
U0469,43,Familiar,Costa,472.77,1,9,6,4.79,1
U0470,38,Turismo,Costa,238.59,7,3,2,3.88,1
U0471,56,Pareja,Costa,502.34,4,13,1,5.0,0
U0472,53,Turismo,Costa,404.33,9,12,6,4.7,1
U0473,50,Turismo,Costa,338.29,15,8,4,4.32,1
U0474,47,Turismo,Sierra,293.19,6,5,4,3.82,0
U0475,54,Turismo,Costa,257.05,17,3,2,3.46,1
U0476,40,Familiar,Costa,325.8,18,8,1,4.58,1
U0477,27,Turismo,Sierra,461.2,4,14,4,4.65,1
U0478,22,Turismo,Selva,219.53,9,2,5,3.25,0
U0479,53,Familiar,Sierra,286.16,14,5,5,3.77,1
U0480,51,Pareja,Costa,320.94,3,10,2,4.2,1
U0481,48,Familiar,Selva,272.34,1,5,2,4.11,0
U0482,27,Turismo,Selva,454.89,11,13,3,4.42,1
U0483,36,Familiar,Costa,412.25,1,14,7,4.71,1
U0484,49,Turismo,Costa,284.17,12,4,3,4.06,1
U0485,18,Turismo,Sierra,415.05,9,11,5,4.54,1
U0486,22,Negocios,Selva,510.94,5,11,4,4.61,1
U0487,62,Turismo,Selva,215.36,15,3,2,3.41,1
U0488,21,Negocios,Selva,295.68,18,4,0,3.97,1
U0489,33,Turismo,Sierra,221.39,9,2,4,3.49,0
U0490,41,Familiar,Sierra,490.48,13,11,0,4.47,1
U0491,33,Negocios,Costa,301.47,13,9,1,4.56,1
U0492,19,Negocios,Costa,169.67,13,2,1,3.75,1
U0493,45,Negocios,Costa,192.09,10,4,6,3.75,1
U0494,49,Pareja,Sierra,234.98,10,4,2,3.2,0
U0495,44,Turismo,Sierra,404.83,7,14,7,4.29,1
U0496,37,Turismo,Sierra,140.35,5,3,4,4.04,1
U0497,41,Familiar,Costa,176.64,7,6,6,3.7,1
U0498,29,Familiar,Sierra,284.54,10,11,5,4.34,1
U0499,52,Turismo,Costa,271.7,10,4,1,3.94,1
U0500,50,Turismo,Costa,216.1,13,4,4,3.93,1
U0501,50,Familiar,Sierra,288.28,15,9,3,3.88,1
U0502,60,Turismo,Sierra,228.14,6,5,5,3.76,0
U0503,54,Negocios,Selva,234.7,12,5,1,3.21,0
U0504,29,Familiar,Costa,190.65,19,4,3,4.11,1
U0505,20,Turismo,Costa,496.91,11,12,5,4.6,1
U0506,18,Turismo,Costa,265.28,6,2,3,3.57,1
U0507,50,Turismo,Costa,429.4,1,9,0,4.76,0
U0508,57,Negocios,Selva,203.4,2,2,2,3.44,0
U0509,27,Negocios,Sierra,341.78,15,8,2,4.23,1
U0510,60,Familiar,Selva,250.68,4,6,3,4.25,1
U0511,61,Negocios,Costa,218.74,5,5,4,4.27,1
U0512,46,Turismo,Selva,262.18,15,5,4,3.41,1
U0513,30,Turismo,Costa,382.59,11,9,3,4.69,1
U0514,29,Negocios,Selva,476.42,10,12,0,4.56,1
U0515,48,Pareja,Costa,389.33,17,12,2,4.47,1
U0516,63,Negocios,Costa,398.43,2,14,2,4.35,1
U0517,19,Turismo,Sierra,342.23,10,7,9,4.22,1
U0518,52,Turismo,Selva,347.94,3,13,3,4.07,1
U0519,40,Negocios,Costa,192.48,19,2,5,3.84,1
U0520,34,Negocios,Costa,398.88,5,11,3,5.0,1
U0521,43,Familiar,Selva,331.03,3,9,4,4.71,1
U0522,25,Pareja,Costa,383.81,8,14,2,5.0,1
U0523,46,Negocios,Costa,198.38,5,3,0,3.53,0
U0524,43,Turismo,Costa,387.66,12,7,1,4.55,1
U0525,27,Familiar,Costa,401.78,14,10,0,4.46,1
U0526,43,Familiar,Selva,252.52,7,2,2,3.83,1
U0527,51,Turismo,Sierra,244.67,11,7,5,4.36,1
U0528,58,Turismo,Sierra,362.76,8,9,3,3.99,1
U0529,24,Turismo,Selva,398.83,5,11,3,4.68,1
U0530,21,Familiar,Costa,466.45,8,14,2,5.0,1
U0531,62,Familiar,Costa,244.45,12,3,1,4.46,1
U0532,28,Negocios,Costa,290.68,15,6,3,3.7,1
U0533,46,Turismo,Costa,246.06,19,7,2,4.2,1
U0534,53,Pareja,Costa,313.98,16,6,2,4.08,1
U0535,42,Familiar,Selva,280.92,14,4,3,4.39,1
U0536,38,Pareja,Sierra,327.07,7,5,1,3.41,1
U0537,53,Familiar,Costa,395.94,8,8,0,4.8,0
U0538,27,Turismo,Sierra,284.92,7,5,3,3.89,0
U0539,54,Turismo,Sierra,315.05,18,10,3,3.53,1
U0540,26,Turismo,Selva,340.16,6,12,5,4.01,1
U0541,41,Negocios,Selva,427.49,19,13,2,3.96,1
U0542,52,Turismo,Sierra,507.04,4,14,3,4.5,0
U0543,52,Familiar,Sierra,503.82,3,14,3,5.0,1
U0544,53,Negocios,Sierra,408.11,17,11,2,4.42,1
U0545,35,Familiar,Sierra,214.83,19,3,6,3.93,1
U0546,56,Turismo,Costa,378.5,15,6,5,3.95,1
U0547,49,Pareja,Costa,378.67,6,9,3,4.74,1
U0548,41,Negocios,Sierra,278.95,12,6,1,3.85,1
U0549,40,Turismo,Costa,362.14,19,11,3,4.48,1
U0550,49,Turismo,Costa,388.42,6,13,4,4.91,1
U0551,54,Turismo,Sierra,294.62,11,9,2,3.74,1
U0552,29,Familiar,Costa,299.55,10,9,2,4.62,1
U0553,30,Familiar,Sierra,386.24,16,10,3,4.7,1
U0554,40,Negocios,Sierra,393.51,18,11,2,4.17,1
U0555,42,Turismo,Selva,289.24,14,7,1,4.12,1
U0556,52,Turismo,Costa,475.67,4,13,1,4.94,1
U0557,58,Turismo,Costa,351.55,12,5,3,4.12,1
U0558,47,Pareja,Sierra,397.68,8,13,3,4.41,1
U0559,34,Familiar,Selva,382.92,7,12,3,4.82,1
U0560,37,Turismo,Selva,128.02,9,4,0,3.69,1
U0561,42,Familiar,Costa,437.53,17,13,4,5.0,1
U0562,39,Turismo,Costa,276.93,10,6,3,4.39,1
U0563,30,Pareja,Selva,350.17,3,7,5,4.25,1
U0564,36,Turismo,Costa,234.54,8,4,8,3.33,1
U0565,53,Familiar,Sierra,187.25,14,3,3,3.4,1
U0566,29,Familiar,Costa,337.39,7,8,2,4.93,1
U0567,58,Turismo,Costa,444.48,16,12,5,4.61,1
U0568,36,Familiar,Costa,202.43,18,6,3,4.25,1
U0569,29,Negocios,Costa,422.54,11,10,0,4.89,1
U0570,26,Turismo,Sierra,304.19,6,4,4,3.81,1
U0571,24,Turismo,Selva,377.34,14,9,1,4.22,1
U0572,45,Pareja,Costa,258.81,13,7,1,3.81,1
U0573,31,Familiar,Selva,244.79,4,5,2,4.15,0
U0574,48,Familiar,Costa,497.99,11,13,1,5.0,1
U0575,36,Familiar,Sierra,389.94,18,13,3,4.56,1
U0576,64,Turismo,Costa,403.62,1,10,5,4.23,1
U0577,33,Pareja,Selva,280.78,12,6,4,4.65,1
U0578,22,Turismo,Sierra,402.42,18,11,3,4.33,1
U0579,52,Turismo,Sierra,263.75,7,7,3,3.67,0
U0580,29,Negocios,Selva,477.6,12,14,4,4.87,1
U0581,42,Familiar,Sierra,385.15,1,10,3,4.56,1
U0582,38,Familiar,Selva,252.29,4,8,3,3.88,1
U0583,53,Turismo,Sierra,438.63,18,13,2,4.67,1
U0584,40,Negocios,Selva,314.01,15,6,3,3.67,1
U0585,33,Familiar,Sierra,197.39,3,3,4,4.32,1
U0586,56,Negocios,Costa,138.71,7,5,2,3.88,1
U0587,62,Familiar,Sierra,210.92,6,3,8,3.79,1
U0588,59,Pareja,Costa,312.2,15,4,2,4.06,1
U0589,56,Turismo,Sierra,377.19,15,11,1,4.58,1
U0590,31,Negocios,Costa,510.28,6,13,8,4.93,1
U0591,48,Familiar,Sierra,198.26,8,4,2,4.53,1
U0592,22,Familiar,Costa,203.05,8,5,3,4.5,1
U0593,52,Turismo,Costa,305.28,1,7,1,4.31,0
U0594,40,Pareja,Costa,397.72,13,13,3,4.36,1
U0595,46,Negocios,Selva,255.37,13,4,6,3.67,1
U0596,60,Turismo,Costa,375.78,11,11,3,4.65,1
U0597,28,Familiar,Costa,268.13,4,2,2,3.89,1
U0598,35,Familiar,Sierra,172.35,7,2,2,4.13,1
U0599,64,Negocios,Sierra,376.68,12,10,2,3.96,1
U0600,29,Familiar,Costa,402.01,13,10,4,4.61,1
U0601,26,Turismo,Costa,331.13,12,6,3,3.99,1
U0602,27,Turismo,Costa,446.17,16,10,1,4.82,1
U0603,61,Negocios,Selva,404.89,6,12,5,4.17,1
U0604,34,Familiar,Costa,307.79,14,8,2,3.98,1
U0605,55,Negocios,Costa,276.5,19,10,3,4.58,1
U0606,24,Turismo,Costa,540.93,16,13,3,4.8,1
U0607,63,Turismo,Costa,345.8,4,8,5,3.97,0
U0608,30,Familiar,Sierra,409.78,5,10,4,4.39,0
U0609,57,Turismo,Costa,244.44,9,3,6,4.35,1
U0610,59,Familiar,Costa,419.11,3,12,4,4.74,1
U0611,26,Turismo,Costa,434.15,10,12,1,4.63,1
U0612,44,Turismo,Costa,321.99,17,9,4,4.16,1
U0613,19,Turismo,Costa,312.65,19,8,2,3.86,1
U0614,22,Familiar,Selva,258.02,10,7,2,3.94,0
U0615,46,Pareja,Sierra,361.18,12,6,5,3.63,1
U0616,54,Negocios,Selva,289.17,7,5,2,4.12,0
U0617,55,Turismo,Selva,426.56,18,8,2,4.28,1
U0618,36,Negocios,Sierra,353.7,19,4,1,4.65,1
U0619,25,Turismo,Costa,279.76,15,9,4,4.0,1
U0620,62,Turismo,Sierra,265.92,7,3,2,3.42,1
U0621,18,Turismo,Selva,126.54,12,2,4,3.81,1
U0622,39,Turismo,Sierra,425.5,7,12,0,4.77,0
U0623,34,Turismo,Sierra,232.39,10,3,3,3.73,1
U0624,24,Turismo,Costa,307.83,10,10,6,3.98,1
U0625,42,Familiar,Selva,246.44,5,6,3,4.62,1
U0626,62,Turismo,Sierra,434.65,18,12,1,4.45,1
U0627,21,Negocios,Selva,358.79,9,9,4,4.04,1
U0628,53,Familiar,Costa,187.96,16,4,0,4.42,1
U0629,23,Turismo,Costa,292.85,7,8,2,4.18,0
U0630,48,Turismo,Costa,142.09,10,3,4,3.28,1
U0631,36,Turismo,Sierra,289.83,5,9,1,4.04,1
U0632,61,Turismo,Costa,309.18,7,8,3,3.98,1
U0633,56,Negocios,Costa,488.22,5,13,5,3.92,1
U0634,44,Turismo,Selva,339.03,15,6,2,3.71,1
U0635,27,Pareja,Costa,530.52,19,13,1,4.75,1
U0636,43,Turismo,Selva,437.84,10,12,5,4.13,1
U0637,36,Turismo,Costa,270.51,8,5,1,4.16,1
U0638,56,Turismo,Selva,219.2,9,2,2,3.31,1
U0639,20,Negocios,Sierra,307.59,11,6,2,4.06,1
U0640,62,Turismo,Selva,358.02,2,13,2,4.0,1
U0641,30,Familiar,Selva,466.63,3,10,2,5.0,1
U0642,45,Negocios,Costa,297.86,13,11,1,3.96,1
U0643,37,Turismo,Costa,318.53,11,5,2,3.38,1
U0644,45,Turismo,Costa,463.89,10,14,3,5.0,1
U0645,25,Turismo,Sierra,317.72,15,10,3,3.88,1
U0646,58,Pareja,Selva,465.42,6,13,0,5.0,0
U0647,56,Negocios,Costa,210.75,1,3,5,3.94,1
U0648,18,Turismo,Sierra,226.97,14,5,7,3.94,1
U0649,20,Negocios,Costa,303.12,18,10,3,4.62,1
U0650,30,Pareja,Selva,187.82,11,5,1,3.66,1
U0651,45,Negocios,Selva,252.77,8,6,3,3.84,1
U0652,42,Turismo,Costa,397.28,3,12,1,4.98,1
U0653,50,Familiar,Costa,289.45,14,9,3,4.56,1
U0654,55,Familiar,Costa,196.36,2,2,3,3.77,0
U0655,23,Turismo,Sierra,141.03,16,2,1,3.56,0
U0656,61,Turismo,Sierra,390.2,6,10,5,3.65,1
U0657,62,Turismo,Costa,433.76,1,10,4,4.96,1
U0658,49,Turismo,Costa,275.56,14,5,0,4.4,1
U0659,62,Negocios,Costa,456.38,10,14,3,5.0,1
U0660,64,Turismo,Sierra,189.91,6,3,1,3.88,0
U0661,38,Turismo,Sierra,533.37,9,14,11,4.74,1
U0662,33,Turismo,Costa,362.52,7,10,0,4.39,1
U0663,38,Turismo,Sierra,385.61,2,5,4,3.65,0
U0664,28,Pareja,Sierra,246.38,11,7,3,4.37,1
U0665,54,Turismo,Costa,453.34,14,13,3,4.61,1
U0666,53,Negocios,Costa,265.07,5,2,0,3.93,0
U0667,52,Negocios,Sierra,404.34,9,13,1,4.53,1
U0668,36,Pareja,Selva,360.39,7,10,4,3.82,1
U0669,37,Turismo,Costa,314.62,14,6,7,3.61,1
U0670,35,Negocios,Costa,258.27,16,4,1,3.92,1
U0671,64,Turismo,Costa,289.08,16,5,0,3.89,1
U0672,58,Turismo,Sierra,252.45,7,2,2,3.58,0
U0673,31,Turismo,Costa,354.85,10,10,4,4.73,1
U0674,32,Turismo,Costa,421.82,6,9,2,4.56,1
U0675,48,Negocios,Sierra,175.09,17,5,3,3.83,1
U0676,18,Pareja,Sierra,270.53,1,3,3,3.82,0
U0677,20,Turismo,Costa,429.55,2,10,1,4.46,0
U0678,33,Turismo,Costa,222.37,14,5,3,3.59,1
U0679,40,Familiar,Sierra,299.66,4,10,2,4.48,1
U0680,28,Turismo,Costa,382.8,9,11,4,4.54,1
U0681,29,Turismo,Costa,259.07,6,4,4,4.19,1
U0682,27,Turismo,Selva,311.0,17,8,2,3.98,1
U0683,49,Turismo,Costa,352.85,11,8,1,4.22,1
U0684,33,Familiar,Sierra,491.3,4,11,3,4.76,1
U0685,25,Pareja,Selva,392.83,9,14,2,4.21,1
U0686,55,Negocios,Costa,163.39,16,5,5,4.21,1
U0687,29,Negocios,Costa,213.19,3,3,3,4.12,1
U0688,41,Pareja,Sierra,382.62,4,12,3,4.0,1
U0689,45,Familiar,Selva,348.18,3,10,7,4.74,1
U0690,25,Familiar,Selva,324.44,13,5,4,3.65,1
U0691,45,Negocios,Sierra,343.94,19,9,2,4.43,1
U0692,53,Turismo,Costa,215.21,1,3,4,3.57,0
U0693,43,Familiar,Sierra,328.13,6,9,3,4.51,1
U0694,25,Turismo,Costa,414.69,3,12,3,4.05,0
U0695,45,Turismo,Costa,407.84,3,11,6,4.21,1
U0696,45,Negocios,Costa,422.54,16,6,2,4.49,1
U0697,54,Turismo,Costa,341.74,10,8,0,4.07,1
U0698,58,Turismo,Sierra,385.89,17,8,3,3.92,1
U0699,53,Turismo,Costa,448.17,7,13,3,5.0,1
U0700,44,Pareja,Costa,270.8,13,10,1,4.9,1
U0701,34,Turismo,Costa,210.52,11,4,3,4.1,1
U0702,26,Familiar,Selva,408.36,10,11,0,4.34,0
U0703,50,Negocios,Sierra,297.27,7,5,2,4.37,0
U0704,37,Turismo,Costa,404.92,6,11,4,4.09,1
U0705,30,Pareja,Costa,307.11,1,5,6,3.97,0
U0706,45,Negocios,Costa,388.07,17,14,3,4.69,1
U0707,46,Negocios,Selva,396.85,12,11,3,4.92,1
U0708,30,Turismo,Sierra,349.71,4,6,0,4.27,0
U0709,63,Negocios,Sierra,256.96,3,7,7,3.72,1
U0710,52,Familiar,Sierra,294.91,6,4,3,3.81,1
U0711,23,Pareja,Costa,514.51,16,14,4,5.0,1
U0712,35,Turismo,Selva,199.24,13,5,5,3.49,1
U0713,22,Turismo,Sierra,255.77,9,4,2,3.78,1
U0714,64,Turismo,Costa,224.6,11,3,0,3.39,0
U0715,42,Familiar,Costa,385.59,13,11,1,4.99,1
U0716,19,Negocios,Sierra,362.5,19,13,1,4.52,1
U0717,27,Turismo,Selva,359.04,3,10,2,3.85,0
U0718,47,Turismo,Costa,186.62,12,2,2,3.98,1
U0719,62,Turismo,Selva,131.74,19,3,3,3.58,1
U0720,22,Negocios,Sierra,284.71,8,9,2,4.24,0
U0721,50,Familiar,Costa,281.4,14,8,3,4.35,1
U0722,18,Negocios,Costa,386.43,9,13,3,4.68,1
U0723,35,Negocios,Costa,210.75,17,2,6,3.74,1
U0724,49,Familiar,Sierra,328.89,6,6,4,4.21,0
U0725,64,Familiar,Costa,378.88,4,11,4,4.86,1
U0726,28,Negocios,Costa,343.85,4,7,1,4.61,1
U0727,38,Negocios,Sierra,330.94,19,6,0,4.28,1
U0728,43,Negocios,Sierra,256.83,12,5,4,3.41,1
U0729,42,Turismo,Costa,481.47,2,14,2,5.0,1
U0730,39,Negocios,Costa,183.27,17,2,7,4.02,1
U0731,44,Negocios,Costa,271.61,15,8,3,4.1,1
U0732,30,Turismo,Sierra,334.85,10,10,1,4.32,0
U0733,50,Familiar,Selva,321.84,3,7,1,4.44,1
U0734,51,Turismo,Costa,232.81,4,4,4,3.61,0
U0735,58,Turismo,Selva,431.27,1,11,3,4.3,1
U0736,52,Negocios,Sierra,166.75,1,5,4,3.81,0
U0737,18,Pareja,Sierra,312.08,18,11,3,4.03,1
U0738,38,Familiar,Sierra,206.9,4,6,2,4.31,1
U0739,23,Familiar,Costa,447.18,15,13,0,5.0,1
U0740,45,Familiar,Costa,369.94,10,13,1,5.0,1
U0741,34,Pareja,Sierra,210.44,17,2,3,4.11,1
U0742,22,Turismo,Sierra,320.97,12,6,3,3.91,1
U0743,48,Negocios,Sierra,270.25,12,2,3,3.69,1
U0744,22,Turismo,Costa,442.49,16,10,1,4.68,1
U0745,55,Familiar,Selva,292.98,5,8,6,4.27,1
U0746,20,Familiar,Sierra,155.39,16,4,2,3.97,1
U0747,40,Turismo,Costa,340.59,17,10,2,3.87,1
U0748,54,Negocios,Costa,265.5,15,3,5,3.94,1
U0749,54,Turismo,Sierra,419.36,13,13,4,4.08,1
U0750,27,Pareja,Sierra,326.54,8,8,4,3.76,1
U0751,27,Turismo,Costa,344.33,2,10,2,4.61,1
U0752,36,Turismo,Selva,384.59,8,7,8,4.06,1
U0753,34,Turismo,Costa,343.69,10,11,5,4.65,1
U0754,38,Turismo,Costa,286.65,7,6,5,4.01,1
U0755,31,Familiar,Selva,494.26,10,13,7,5.0,1
U0756,26,Turismo,Selva,419.83,4,8,2,4.17,0
U0757,63,Familiar,Sierra,270.79,11,7,2,3.61,1
U0758,18,Turismo,Selva,331.36,9,6,3,4.03,1
U0759,62,Turismo,Costa,185.04,4,3,6,3.07,1
U0760,30,Negocios,Selva,418.83,3,9,2,3.85,0
U0761,21,Familiar,Costa,547.54,11,14,6,5.0,1
U0762,18,Turismo,Costa,283.27,3,8,6,3.86,1
U0763,57,Turismo,Costa,338.21,18,7,4,4.06,1
U0764,49,Turismo,Costa,338.98,19,6,5,3.87,1
U0765,51,Pareja,Costa,268.6,14,6,4,3.62,1
U0766,45,Negocios,Costa,399.58,11,10,2,4.96,1
U0767,48,Familiar,Costa,224.44,2,2,2,3.85,1
U0768,25,Turismo,Costa,472.67,2,10,6,3.98,1
U0769,56,Turismo,Sierra,206.98,2,7,5,3.66,1
U0770,43,Negocios,Costa,258.3,10,5,2,3.63,1
U0771,51,Turismo,Costa,331.9,15,11,2,4.15,1
U0772,20,Turismo,Sierra,328.44,12,8,4,4.27,1
U0773,29,Negocios,Selva,333.05,11,10,3,4.03,1
U0774,18,Turismo,Sierra,270.57,17,6,3,3.5,1
U0775,61,Pareja,Costa,239.61,18,6,6,4.11,1
U0776,22,Negocios,Sierra,357.74,14,9,3,4.51,1
U0777,47,Familiar,Costa,381.45,17,8,4,4.82,1
U0778,47,Turismo,Costa,442.43,15,14,4,4.05,1
U0779,34,Turismo,Costa,532.6,12,14,4,4.63,1
U0780,64,Turismo,Selva,402.17,16,9,4,4.27,1
U0781,40,Negocios,Costa,518.33,6,12,5,4.76,1
U0782,32,Negocios,Costa,459.42,2,13,0,4.67,1
U0783,54,Negocios,Costa,391.33,2,11,3,4.24,0
U0784,38,Negocios,Selva,137.4,16,3,1,3.0,1
U0785,31,Turismo,Sierra,333.11,2,10,3,4.77,0
U0786,19,Familiar,Costa,228.48,8,4,10,4.17,1
U0787,28,Familiar,Sierra,301.06,7,7,3,4.44,0
U0788,56,Turismo,Sierra,422.97,1,7,3,4.2,0
U0789,55,Negocios,Sierra,206.31,4,3,2,3.58,0
U0790,51,Turismo,Costa,350.43,11,13,2,4.53,1
U0791,55,Turismo,Selva,494.3,7,14,1,4.35,1
U0792,51,Negocios,Costa,358.08,18,8,4,3.86,1
U0793,35,Turismo,Sierra,349.24,4,10,4,4.31,1
U0794,47,Turismo,Costa,545.23,17,13,5,5.0,1
U0795,32,Turismo,Costa,299.58,11,11,6,4.63,1
U0796,44,Turismo,Costa,479.1,11,12,2,4.98,1
U0797,51,Familiar,Sierra,179.88,11,2,2,3.52,1
U0798,55,Familiar,Costa,302.45,15,9,2,4.89,1
U0799,50,Turismo,Sierra,336.68,14,3,2,4.05,1
U0800,41,Pareja,Costa,231.27,17,2,1,3.97,1
U0801,32,Pareja,Sierra,335.05,2,9,2,4.79,1
U0802,47,Turismo,Selva,200.72,18,3,4,4.16,1
U0803,59,Turismo,Sierra,319.3,16,7,4,4.2,1
U0804,34,Turismo,Sierra,282.44,12,7,3,4.08,1
U0805,22,Pareja,Sierra,348.3,10,6,2,4.32,1
U0806,46,Familiar,Costa,354.36,16,9,2,4.48,1
U0807,21,Negocios,Selva,289.75,3,4,2,3.61,1
U0808,27,Turismo,Costa,471.46,8,14,1,5.0,1
U0809,34,Turismo,Sierra,437.9,2,11,2,4.17,1
U0810,27,Turismo,Sierra,328.37,1,5,3,4.08,1
U0811,34,Negocios,Costa,411.8,14,8,2,4.47,1
U0812,37,Familiar,Costa,352.3,4,8,3,4.35,1
U0813,41,Turismo,Costa,417.74,4,14,5,4.74,1
U0814,22,Familiar,Selva,430.22,9,13,5,5.0,1
U0815,51,Familiar,Selva,348.67,3,9,1,4.47,1
U0816,23,Familiar,Sierra,188.0,5,3,3,3.85,0
U0817,19,Turismo,Sierra,379.62,1,12,6,4.46,1
U0818,30,Turismo,Selva,447.57,19,13,3,4.68,1
U0819,60,Negocios,Costa,167.49,1,3,3,3.59,0
U0820,60,Turismo,Costa,202.23,10,5,1,3.96,1
U0821,28,Negocios,Sierra,376.35,12,14,2,4.14,1
U0822,64,Turismo,Selva,418.43,10,11,0,4.15,1
U0823,40,Negocios,Selva,478.13,2,14,2,4.45,0
U0824,33,Negocios,Costa,355.96,16,10,4,4.55,1
U0825,48,Negocios,Costa,444.12,8,11,5,4.69,1
U0826,28,Negocios,Costa,388.91,14,13,6,4.59,1
U0827,33,Familiar,Costa,391.23,15,10,6,4.99,1
U0828,25,Familiar,Costa,463.78,16,14,6,5.0,1
U0829,21,Turismo,Sierra,424.03,11,14,3,4.46,1
U0830,57,Negocios,Costa,236.47,12,5,3,3.61,0
U0831,21,Negocios,Selva,343.72,2,10,5,3.94,0
U0832,42,Negocios,Costa,251.51,4,4,2,3.46,1
U0833,20,Negocios,Sierra,468.52,3,13,4,4.63,0
U0834,49,Familiar,Costa,262.0,9,6,4,4.07,1
U0835,20,Negocios,Costa,358.81,18,11,4,4.32,1
U0836,44,Turismo,Costa,379.05,19,10,5,4.42,1
U0837,46,Negocios,Selva,222.95,7,7,4,4.11,1
U0838,49,Negocios,Selva,240.59,4,4,6,3.96,1
U0839,36,Turismo,Costa,472.5,6,11,3,4.68,1
U0840,38,Turismo,Costa,336.99,19,10,0,4.75,1
U0841,22,Negocios,Selva,296.69,1,7,2,3.34,0
U0842,35,Negocios,Costa,312.32,16,5,5,4.64,1
U0843,45,Turismo,Costa,298.83,11,5,1,4.26,1
U0844,59,Negocios,Sierra,353.06,4,9,2,4.19,1
U0845,39,Negocios,Selva,324.83,18,8,7,3.78,1
U0846,38,Pareja,Costa,132.66,5,2,2,3.43,1
U0847,23,Turismo,Costa,330.09,6,7,5,4.39,1
U0848,18,Turismo,Selva,282.8,2,9,4,4.21,1
U0849,22,Turismo,Costa,135.62,12,4,2,3.87,1
U0850,58,Turismo,Costa,422.6,9,10,2,4.33,1
U0851,29,Turismo,Sierra,413.76,12,11,1,4.1,1
U0852,43,Turismo,Selva,260.64,13,3,0,3.73,1
U0853,63,Familiar,Costa,268.71,17,7,2,4.62,1
U0854,51,Negocios,Selva,462.17,5,13,3,4.58,1
U0855,31,Turismo,Sierra,172.48,13,2,3,3.89,1
U0856,43,Turismo,Costa,422.49,13,13,2,4.7,1
U0857,62,Familiar,Selva,465.32,10,12,3,4.83,1
U0858,44,Turismo,Costa,209.17,15,3,2,3.97,1
U0859,26,Turismo,Costa,426.25,15,14,5,5.0,1
U0860,43,Negocios,Sierra,215.04,18,6,2,3.33,1
U0861,64,Turismo,Costa,212.47,18,2,3,3.39,1
U0862,39,Negocios,Costa,402.95,2,9,1,4.36,0
U0863,64,Turismo,Costa,155.28,11,2,4,4.56,1
U0864,47,Negocios,Costa,495.52,13,14,0,4.81,1
U0865,60,Turismo,Selva,325.05,11,10,1,4.11,0
U0866,34,Negocios,Sierra,431.88,4,11,6,4.6,1
U0867,43,Turismo,Selva,418.28,15,12,3,4.73,1
U0868,53,Familiar,Costa,252.27,11,4,4,4.26,1
U0869,18,Negocios,Costa,403.98,18,13,5,5.0,1
U0870,25,Turismo,Costa,234.53,16,3,8,3.46,1
U0871,52,Turismo,Costa,164.55,10,2,7,3.4,1
U0872,32,Negocios,Costa,351.51,12,10,3,4.75,1
U0873,64,Familiar,Sierra,185.21,13,5,3,3.92,1
U0874,39,Negocios,Selva,400.24,9,13,1,4.07,1
U0875,31,Turismo,Selva,168.16,13,2,7,3.04,1
U0876,43,Turismo,Costa,210.08,6,2,8,3.48,1
U0877,45,Turismo,Selva,357.54,6,8,1,4.12,1
U0878,40,Turismo,Costa,186.26,11,3,5,3.86,1
U0879,31,Turismo,Costa,319.53,19,8,3,4.14,1
U0880,41,Negocios,Selva,523.17,11,13,5,4.81,1
U0881,19,Familiar,Sierra,334.31,10,8,2,4.24,1
U0882,62,Turismo,Costa,367.57,15,11,3,4.85,1
U0883,43,Familiar,Costa,288.21,13,10,4,5.0,1
U0884,31,Familiar,Costa,418.37,8,14,6,4.92,1
U0885,24,Familiar,Sierra,283.11,5,8,1,4.41,1
U0886,20,Turismo,Costa,559.96,2,14,7,5.0,1
U0887,64,Turismo,Selva,152.02,16,2,3,3.45,1
U0888,40,Familiar,Costa,441.4,13,13,4,5.0,1
U0889,63,Turismo,Costa,479.61,19,14,6,5.0,1
U0890,60,Negocios,Costa,405.3,9,9,2,4.32,1
U0891,64,Familiar,Sierra,350.37,15,9,0,4.85,1
U0892,62,Familiar,Costa,235.58,6,5,1,4.28,1
U0893,35,Turismo,Sierra,432.24,8,14,4,4.45,1
U0894,55,Negocios,Selva,367.79,14,9,3,4.92,1
U0895,52,Turismo,Selva,226.88,5,5,3,3.67,0
U0896,32,Familiar,Selva,294.76,17,9,4,4.42,1
U0897,42,Pareja,Selva,257.79,7,6,5,3.87,1
U0898,54,Negocios,Sierra,194.87,9,5,1,3.6,0
U0899,45,Negocios,Selva,398.06,16,7,7,4.28,1
U0900,27,Familiar,Costa,246.49,18,3,6,3.89,1
U0901,56,Turismo,Costa,519.89,13,13,2,5.0,1
U0902,34,Turismo,Costa,240.93,18,3,3,3.3,1
U0903,56,Pareja,Costa,292.89,10,3,4,3.55,1
U0904,39,Negocios,Costa,390.56,1,10,1,5.0,1
U0905,43,Turismo,Selva,430.72,18,11,4,4.03,1
U0906,61,Negocios,Costa,132.19,19,4,7,3.08,1
U0907,42,Turismo,Costa,348.69,2,11,1,4.08,1
U0908,34,Familiar,Sierra,262.94,4,5,3,4.6,1
U0909,30,Turismo,Costa,397.47,11,11,1,4.01,0
U0910,37,Pareja,Costa,435.03,3,13,4,4.43,0
U0911,42,Turismo,Costa,372.62,9,9,4,3.96,1
U0912,21,Turismo,Costa,285.81,10,5,2,3.94,0
U0913,27,Negocios,Costa,459.89,2,12,6,4.59,1
U0914,20,Turismo,Sierra,427.86,7,11,3,4.26,1
U0915,58,Turismo,Sierra,454.61,15,11,4,5.0,1
U0916,62,Negocios,Costa,521.68,19,14,2,4.58,1
U0917,35,Turismo,Costa,336.49,10,8,5,4.24,1
U0918,64,Turismo,Costa,387.4,14,6,3,4.38,1
U0919,53,Familiar,Sierra,440.16,4,10,4,4.39,1
U0920,64,Turismo,Costa,220.75,11,5,3,4.04,1
U0921,39,Familiar,Costa,258.51,3,4,3,4.1,0
U0922,51,Negocios,Sierra,368.94,17,14,6,4.55,1
U0923,64,Negocios,Costa,132.95,7,3,1,3.58,0
U0924,25,Turismo,Costa,169.46,11,2,4,3.02,1
U0925,57,Turismo,Costa,372.86,18,12,1,4.94,1
U0926,61,Negocios,Selva,280.87,14,7,1,4.53,1
U0927,36,Familiar,Selva,410.84,14,11,4,4.62,1
U0928,59,Familiar,Sierra,277.92,6,3,3,3.74,0
U0929,58,Turismo,Costa,408.56,9,9,1,4.92,1
U0930,54,Negocios,Sierra,326.19,3,7,2,4.57,1
U0931,23,Familiar,Selva,384.49,17,13,2,4.67,1
U0932,43,Turismo,Selva,410.98,12,13,2,4.41,1
U0933,51,Familiar,Costa,315.17,4,6,3,4.41,1
U0934,62,Familiar,Selva,419.76,16,14,4,4.34,1
U0935,23,Familiar,Costa,153.31,10,3,7,3.87,1
U0936,54,Turismo,Costa,352.37,7,8,2,4.82,1
U0937,50,Negocios,Sierra,214.24,10,3,7,3.53,1
U0938,39,Turismo,Costa,450.52,7,14,0,4.49,1
U0939,38,Turismo,Selva,338.8,18,6,3,4.13,1
U0940,23,Familiar,Costa,271.1,9,3,6,3.99,1
U0941,23,Negocios,Sierra,505.69,18,12,2,4.59,1
U0942,21,Negocios,Selva,361.84,17,11,1,3.89,1
U0943,47,Familiar,Selva,438.12,11,12,2,4.47,1
U0944,28,Familiar,Costa,417.58,1,12,6,5.0,1
U0945,47,Pareja,Costa,233.57,17,3,3,3.85,1
U0946,48,Familiar,Sierra,271.03,4,8,2,4.01,0
U0947,41,Turismo,Costa,302.07,4,10,6,4.34,1
U0948,26,Turismo,Selva,281.3,14,6,3,3.68,1
U0949,20,Familiar,Selva,285.63,9,8,1,4.04,1
U0950,48,Turismo,Costa,308.01,13,5,3,4.42,1
U0951,57,Turismo,Costa,141.62,16,3,4,3.87,1
U0952,54,Negocios,Costa,167.97,1,4,5,3.73,1
U0953,53,Turismo,Selva,195.82,3,3,5,3.58,0
U0954,41,Familiar,Costa,206.41,19,6,1,4.21,1
U0955,48,Turismo,Costa,389.33,8,7,2,4.47,1
U0956,23,Negocios,Costa,318.61,18,8,7,4.0,1
U0957,19,Turismo,Sierra,208.74,6,4,3,3.88,1
U0958,37,Negocios,Costa,284.49,6,5,3,4.13,1
U0959,45,Negocios,Costa,394.16,5,9,2,4.36,0
U0960,28,Turismo,Selva,271.44,12,5,2,3.65,1
U0961,21,Pareja,Selva,324.35,9,8,2,4.3,1
U0962,32,Turismo,Sierra,389.67,9,13,4,4.38,1
U0963,23,Negocios,Costa,337.08,17,7,6,4.01,1
U0964,47,Negocios,Costa,398.59,19,8,10,4.28,1
U0965,55,Turismo,Sierra,183.45,17,2,3,3.7,1
U0966,19,Turismo,Costa,196.44,16,4,3,3.31,1
U0967,32,Familiar,Selva,314.61,12,7,2,4.17,1
U0968,28,Turismo,Sierra,239.01,3,4,2,4.0,0
U0969,25,Familiar,Costa,266.94,14,8,6,4.38,1
U0970,43,Turismo,Selva,347.06,17,10,1,4.28,1
U0971,62,Turismo,Selva,328.3,16,4,4,4.18,1
U0972,61,Turismo,Costa,127.06,12,2,6,3.82,1
U0973,22,Pareja,Sierra,359.88,2,11,2,4.14,0
U0974,23,Turismo,Costa,413.63,8,14,3,4.69,1
U0975,43,Turismo,Costa,262.52,12,7,1,4.35,0
U0976,21,Turismo,Costa,416.57,16,13,5,4.96,1
U0977,36,Negocios,Sierra,216.86,8,2,1,3.51,1
U0978,37,Turismo,Selva,259.87,16,2,3,3.6,1
U0979,50,Negocios,Sierra,360.14,10,9,3,4.25,1
U0980,37,Turismo,Costa,337.97,15,10,4,4.79,1
U0981,29,Turismo,Sierra,293.65,4,3,2,4.06,0
U0982,64,Turismo,Costa,268.76,15,10,2,4.45,1
U0983,18,Familiar,Selva,316.99,4,6,4,3.91,1
U0984,43,Familiar,Costa,409.73,11,14,0,4.94,1
U0985,31,Familiar,Costa,347.43,6,9,3,4.58,1
U0986,55,Negocios,Costa,355.91,4,8,3,4.74,1
U0987,54,Negocios,Sierra,247.48,9,8,7,3.82,1
U0988,28,Turismo,Costa,268.18,9,5,3,4.36,1
U0989,53,Turismo,Sierra,227.58,3,3,2,3.43,1
U0990,30,Turismo,Costa,356.43,5,6,2,4.07,0
U0991,60,Negocios,Costa,552.39,15,12,1,5.0,1
U0992,20,Turismo,Costa,338.98,9,12,1,4.95,1
U0993,50,Negocios,Selva,309.73,2,4,3,3.76,0
U0994,23,Familiar,Selva,370.3,3,10,2,3.77,0
U0995,27,Negocios,Costa,265.11,12,7,3,3.61,1
U0996,22,Turismo,Costa,212.89,16,2,6,3.82,1
U0997,40,Negocios,Costa,173.76,5,4,2,3.31,0
U0998,27,Turismo,Sierra,376.72,10,13,3,4.14,1
U0999,61,Turismo,Costa,174.34,15,5,2,3.8,1
U1000,19,Familiar,Selva,399.5,14,10,3,3.86,1
U1001,30,Familiar,Selva,432.98,14,12,1,4.65,1
U1002,57,Turismo,Costa,264.81,13,7,1,3.73,1
U1003,19,Pareja,Costa,337.28,16,5,1,3.67,1
U1004,37,Pareja,Selva,161.29,8,2,1,3.18,0
U1005,18,Familiar,Selva,414.12,8,9,3,4.26,1
U1006,54,Familiar,Costa,422.73,17,12,6,5.0,1
U1007,26,Negocios,Costa,182.84,17,3,5,4.07,1
U1008,34,Turismo,Costa,410.88,3,12,3,4.51,1
U1009,26,Negocios,Costa,353.94,1,12,3,4.33,1
U1010,28,Negocios,Costa,360.81,17,9,4,4.25,1
U1011,32,Pareja,Costa,307.06,16,7,2,3.83,1
U1012,41,Turismo,Sierra,376.34,17,9,3,3.82,1
U1013,55,Familiar,Costa,349.49,2,7,5,4.06,1
U1014,52,Familiar,Costa,289.1,14,6,6,3.98,1
U1015,47,Familiar,Costa,209.5,7,6,1,4.71,0
U1016,48,Pareja,Selva,441.03,19,11,4,4.22,1
U1017,22,Negocios,Selva,395.14,1,11,3,3.46,0
U1018,61,Negocios,Costa,321.93,17,12,4,4.27,1
U1019,31,Turismo,Costa,365.45,10,9,2,3.9,1
U1020,28,Negocios,Selva,347.01,6,8,5,4.11,1
U1021,26,Negocios,Costa,332.05,7,9,1,4.3,1
U1022,51,Turismo,Costa,428.96,6,13,4,4.72,1
U1023,29,Familiar,Costa,320.21,5,9,5,4.58,1
U1024,52,Turismo,Costa,348.56,2,8,1,4.19,1
U1025,52,Turismo,Costa,223.66,18,3,1,3.36,1
U1026,18,Turismo,Selva,371.22,17,12,4,4.32,1
U1027,57,Negocios,Sierra,453.09,7,10,1,4.71,1
U1028,39,Negocios,Costa,427.78,19,14,4,5.0,1
U1029,46,Familiar,Selva,192.43,7,8,3,4.01,1
U1030,25,Turismo,Costa,415.31,7,13,4,4.64,1
U1031,28,Familiar,Costa,468.18,16,12,5,5.0,1
U1032,58,Negocios,Sierra,295.21,12,7,4,4.39,1
U1033,54,Familiar,Sierra,290.45,15,10,3,4.24,1
U1034,31,Turismo,Costa,409.66,15,14,5,4.93,1
U1035,47,Turismo,Costa,140.39,11,2,6,3.33,1
U1036,52,Turismo,Sierra,387.87,2,12,4,4.47,1
U1037,38,Familiar,Sierra,203.57,3,3,2,4.15,0
U1038,54,Turismo,Sierra,485.76,19,14,1,4.28,1
U1039,22,Turismo,Costa,200.86,15,2,1,3.54,1
U1040,36,Pareja,Costa,403.23,16,11,1,4.84,1
U1041,31,Familiar,Costa,527.82,1,13,2,5.0,1
U1042,43,Turismo,Costa,281.92,15,4,2,4.27,1
U1043,21,Familiar,Selva,455.27,12,12,3,5.0,1
U1044,42,Turismo,Costa,192.66,7,6,5,3.78,1
U1045,62,Negocios,Costa,156.85,7,2,4,4.27,1
U1046,59,Turismo,Sierra,181.24,11,5,2,3.65,1
U1047,42,Pareja,Costa,422.62,11,14,4,3.83,1
U1048,35,Pareja,Costa,389.72,17,9,3,4.34,1
U1049,57,Turismo,Selva,285.89,3,7,1,3.78,1
U1050,25,Turismo,Selva,514.69,16,14,2,4.97,1
U1051,56,Negocios,Sierra,229.1,5,2,1,3.42,0
U1052,57,Pareja,Costa,441.37,2,13,3,5.0,0
U1053,31,Pareja,Sierra,249.24,7,2,4,3.77,1
U1054,49,Turismo,Sierra,307.1,10,4,7,3.51,1
U1055,55,Familiar,Costa,417.13,5,11,4,4.84,1
U1056,50,Familiar,Costa,361.47,15,9,2,4.44,1
U1057,40,Turismo,Selva,448.3,12,12,2,4.55,1
U1058,32,Negocios,Costa,346.3,10,12,3,4.26,1
U1059,50,Turismo,Sierra,344.09,17,9,3,4.16,1
U1060,42,Turismo,Costa,459.87,11,14,1,4.74,1
U1061,34,Turismo,Costa,220.44,8,4,3,3.8,1
U1062,50,Turismo,Costa,288.28,15,8,3,4.79,1
U1063,64,Pareja,Selva,488.75,2,13,3,4.52,1
U1064,19,Negocios,Costa,247.38,17,4,3,3.31,1
U1065,31,Turismo,Sierra,274.15,6,5,3,4.1,1
U1066,57,Turismo,Sierra,443.42,13,10,5,4.69,1
U1067,57,Turismo,Sierra,451.3,8,14,3,4.01,1
U1068,56,Turismo,Selva,241.66,11,5,2,3.52,0
U1069,23,Turismo,Sierra,306.94,15,4,4,3.94,1
U1070,23,Negocios,Costa,208.78,13,6,3,4.07,1
U1071,20,Turismo,Selva,330.31,18,8,1,4.06,1
U1072,24,Turismo,Sierra,246.43,18,6,1,3.8,1
U1073,25,Negocios,Costa,275.73,17,5,4,3.72,1
U1074,59,Familiar,Costa,378.57,13,9,3,3.99,1
U1075,32,Turismo,Selva,292.48,3,5,2,4.45,1
U1076,64,Turismo,Costa,267.97,7,3,5,3.6,1
U1077,46,Familiar,Sierra,381.78,12,11,7,4.67,1
U1078,50,Negocios,Costa,451.56,4,14,1,4.76,1
U1079,47,Negocios,Costa,331.86,11,7,4,4.48,1
U1080,56,Familiar,Sierra,261.03,14,3,2,4.01,1
U1081,44,Turismo,Costa,173.86,18,4,3,3.79,1
U1082,53,Turismo,Costa,210.14,7,2,2,2.93,0
U1083,46,Familiar,Sierra,263.55,5,6,0,3.88,0
U1084,55,Familiar,Costa,376.55,16,10,3,4.98,1
U1085,50,Pareja,Sierra,198.82,11,3,4,3.74,1
U1086,54,Turismo,Selva,402.71,3,13,0,4.17,1
U1087,44,Turismo,Sierra,276.83,16,8,0,3.48,0
U1088,50,Turismo,Costa,275.76,11,6,1,4.09,1
U1089,21,Negocios,Costa,234.58,10,3,3,2.95,0
U1090,39,Turismo,Sierra,319.82,2,9,1,3.75,0
U1091,19,Turismo,Selva,476.12,16,12,2,5.0,1
U1092,27,Pareja,Selva,583.99,17,14,5,5.0,1
U1093,22,Turismo,Selva,481.72,10,14,3,4.81,1
U1094,27,Turismo,Costa,303.47,18,7,5,4.25,1
U1095,50,Turismo,Costa,215.48,12,5,3,3.3,0
U1096,55,Negocios,Costa,479.57,8,14,5,4.64,1
U1097,30,Negocios,Costa,334.95,3,5,4,4.03,1
U1098,48,Turismo,Costa,314.08,3,3,7,3.76,1
U1099,64,Negocios,Selva,308.68,6,4,2,3.71,1
U1100,53,Turismo,Costa,369.92,2,8,4,4.73,1
U1101,62,Familiar,Costa,259.39,3,4,2,4.06,0
U1102,41,Familiar,Costa,408.63,17,14,3,4.91,1
U1103,32,Turismo,Selva,278.33,9,6,2,4.08,1
U1104,46,Negocios,Sierra,383.62,4,11,1,3.89,0
U1105,25,Familiar,Sierra,300.87,2,7,8,4.0,1
U1106,22,Familiar,Selva,269.56,9,7,2,3.97,0
U1107,46,Negocios,Costa,298.99,14,5,1,4.06,1
U1108,64,Familiar,Sierra,291.84,11,7,5,4.13,1
U1109,21,Turismo,Costa,221.12,2,4,3,3.75,0
U1110,29,Familiar,Costa,291.95,2,8,1,4.28,1
U1111,62,Pareja,Selva,339.37,5,8,1,3.76,0
U1112,19,Negocios,Sierra,335.93,7,5,3,4.1,1
U1113,44,Familiar,Costa,216.15,4,3,5,3.98,1
U1114,48,Turismo,Costa,430.72,14,12,1,4.85,1
U1115,53,Pareja,Sierra,424.52,2,8,1,3.92,0
U1116,53,Turismo,Costa,299.05,12,4,4,3.8,1
U1117,43,Familiar,Costa,223.83,10,2,5,3.98,1
U1118,60,Negocios,Costa,243.94,1,3,5,3.8,0
U1119,44,Turismo,Costa,364.26,19,11,6,4.7,1
U1120,22,Negocios,Selva,337.15,16,10,4,4.05,1
U1121,37,Pareja,Costa,445.92,15,13,0,4.97,1
U1122,28,Familiar,Costa,358.31,14,9,2,4.78,1
U1123,27,Familiar,Sierra,263.05,9,7,3,4.14,1
U1124,57,Pareja,Selva,340.7,15,7,5,3.75,1
U1125,55,Negocios,Costa,180.57,7,2,1,3.89,1
U1126,23,Turismo,Costa,273.02,4,3,4,3.62,0
U1127,25,Negocios,Costa,258.33,18,5,3,3.96,1
U1128,40,Negocios,Sierra,231.68,8,4,3,3.65,1
U1129,64,Negocios,Sierra,147.57,12,2,7,3.33,1
U1130,43,Turismo,Selva,308.58,15,9,5,3.95,1
U1131,63,Turismo,Selva,393.64,15,8,1,3.94,1
U1132,60,Negocios,Sierra,274.54,17,5,3,3.31,1
U1133,29,Negocios,Sierra,458.31,2,13,5,4.99,1
U1134,43,Negocios,Costa,518.88,12,13,5,4.74,1
U1135,30,Pareja,Costa,306.31,3,10,6,4.27,1
U1136,57,Familiar,Selva,450.19,7,12,2,4.76,1
U1137,35,Pareja,Costa,181.7,6,5,4,4.14,1
U1138,42,Turismo,Costa,172.56,14,2,6,4.23,1
U1139,50,Turismo,Sierra,337.16,5,11,1,4.27,0
U1140,64,Familiar,Costa,237.37,4,2,1,4.03,0
U1141,57,Turismo,Sierra,99.95,15,2,1,2.96,0
U1142,60,Turismo,Sierra,182.93,7,2,3,3.03,0
U1143,29,Negocios,Costa,203.16,3,5,4,3.32,0
U1144,61,Negocios,Selva,151.7,13,2,2,3.16,0
U1145,53,Turismo,Costa,181.62,10,3,2,3.09,0
U1146,21,Turismo,Costa,327.05,2,5,3,4.43,1
U1147,22,Turismo,Sierra,310.99,12,8,5,4.15,1
U1148,54,Negocios,Sierra,303.02,12,3,5,3.68,1
U1149,25,Negocios,Sierra,446.8,19,9,2,4.68,1
U1150,59,Familiar,Costa,566.75,19,14,5,5.0,1
U1151,45,Negocios,Sierra,324.81,3,8,1,3.8,1
U1152,48,Turismo,Costa,382.71,6,10,1,3.89,0
U1153,26,Familiar,Selva,324.43,2,7,4,4.53,1
U1154,46,Negocios,Costa,242.72,13,5,3,3.69,1
U1155,31,Negocios,Sierra,326.75,9,7,4,4.01,1
U1156,57,Turismo,Costa,214.34,13,5,4,4.18,1
U1157,58,Turismo,Costa,233.98,14,8,5,4.48,1
U1158,39,Turismo,Costa,407.9,19,10,0,4.51,1
U1159,28,Familiar,Selva,221.39,11,4,6,4.06,1
U1160,40,Negocios,Sierra,190.04,14,4,3,3.31,0
U1161,18,Turismo,Selva,174.15,16,3,4,4.0,1
U1162,63,Turismo,Costa,270.19,10,2,1,3.79,0
U1163,54,Negocios,Costa,217.64,16,2,1,3.76,1
U1164,38,Turismo,Costa,384.95,2,14,3,4.55,1
U1165,43,Turismo,Selva,179.53,16,4,6,3.92,1
U1166,63,Turismo,Costa,313.16,14,8,6,4.29,1
U1167,53,Negocios,Selva,440.45,18,12,2,4.71,1
U1168,40,Turismo,Selva,332.46,6,10,7,4.27,1
U1169,18,Turismo,Selva,208.01,7,3,1,3.5,1
U1170,57,Familiar,Sierra,333.48,13,8,2,4.65,1
U1171,32,Negocios,Sierra,201.2,2,2,4,3.61,1
U1172,38,Turismo,Sierra,96.9,15,3,3,3.06,0
U1173,64,Turismo,Costa,316.62,17,7,7,3.89,1
U1174,26,Familiar,Sierra,329.99,13,12,2,4.6,1
U1175,26,Turismo,Costa,268.99,7,6,1,4.31,0
U1176,27,Turismo,Costa,324.9,1,9,1,4.79,1
U1177,43,Familiar,Costa,384.91,3,13,6,4.39,1
U1178,58,Familiar,Costa,458.79,18,12,1,5.0,1
U1179,52,Turismo,Costa,160.46,7,3,1,3.82,1
U1180,42,Turismo,Costa,168.29,17,2,1,3.73,1
U1181,43,Familiar,Sierra,371.69,12,8,3,4.75,1
U1182,28,Pareja,Costa,277.96,16,7,4,4.3,1
U1183,55,Familiar,Sierra,312.05,10,9,2,4.08,1
U1184,19,Turismo,Costa,403.22,16,12,3,4.3,1
U1185,24,Negocios,Sierra,488.09,18,14,4,4.77,1
U1186,35,Turismo,Sierra,422.29,15,9,3,4.59,1
U1187,44,Familiar,Sierra,169.85,11,3,3,3.83,1
U1188,51,Turismo,Sierra,307.22,18,9,2,3.59,1
U1189,44,Turismo,Costa,291.72,6,7,3,3.82,0
U1190,34,Familiar,Sierra,383.7,1,10,4,4.77,1
U1191,60,Turismo,Costa,400.34,7,13,3,4.55,1
U1192,61,Familiar,Costa,362.18,12,8,3,4.66,1
U1193,41,Turismo,Sierra,170.79,4,3,2,3.81,0
U1194,42,Turismo,Costa,254.93,10,9,4,3.8,1
U1195,24,Turismo,Sierra,398.78,2,10,4,4.17,1
U1196,23,Familiar,Sierra,360.13,9,8,2,4.26,1
U1197,41,Negocios,Costa,313.33,10,5,6,4.18,1
U1198,50,Negocios,Costa,272.6,11,10,1,4.48,1
U1199,46,Pareja,Costa,227.81,14,5,3,3.46,1
U1200,60,Negocios,Selva,426.3,3,13,3,4.5,1
U1201,39,Turismo,Sierra,348.94,1,5,4,4.21,0
U1202,43,Turismo,Costa,364.23,7,10,4,3.87,1
U1203,45,Turismo,Costa,282.65,4,9,6,4.2,1
U1204,38,Turismo,Sierra,275.93,7,5,1,3.44,1
U1205,24,Negocios,Selva,415.44,16,9,4,4.09,1
U1206,34,Turismo,Costa,404.8,10,9,2,3.71,1
U1207,37,Turismo,Costa,355.84,15,8,4,4.73,1
U1208,58,Turismo,Selva,407.54,16,11,5,4.26,1
U1209,37,Negocios,Costa,347.68,6,14,4,4.35,1
U1210,39,Turismo,Costa,306.82,4,7,2,4.26,0
U1211,45,Negocios,Selva,358.88,4,9,5,3.86,1
U1212,57,Turismo,Sierra,319.76,4,8,2,3.7,1
U1213,24,Negocios,Costa,318.67,17,6,5,4.59,1
U1214,18,Negocios,Costa,430.05,13,13,1,5.0,1
U1215,49,Familiar,Costa,442.64,2,14,2,4.91,0
U1216,30,Turismo,Costa,513.02,6,14,4,5.0,1
U1217,47,Pareja,Selva,240.42,1,5,2,3.84,0
U1218,40,Pareja,Costa,442.08,8,13,3,4.31,1
U1219,36,Turismo,Sierra,261.53,18,3,1,3.39,1
U1220,49,Negocios,Selva,366.1,4,12,4,4.8,1
U1221,47,Turismo,Costa,294.01,5,9,1,3.81,0
U1222,46,Familiar,Costa,440.09,5,10,2,5.0,1
U1223,62,Turismo,Sierra,231.46,15,5,0,3.54,1
U1224,46,Negocios,Selva,295.72,10,5,1,4.32,1
U1225,47,Turismo,Selva,194.55,8,6,3,3.6,0
U1226,33,Familiar,Costa,91.5,7,3,4,4.07,1
U1227,57,Familiar,Sierra,345.96,12,8,0,4.81,1
U1228,36,Negocios,Sierra,276.94,11,6,8,4.27,1
U1229,35,Turismo,Selva,324.22,13,7,3,3.82,1
U1230,18,Negocios,Costa,354.83,15,5,3,3.9,1
U1231,31,Negocios,Sierra,288.11,17,9,3,4.0,1
U1232,64,Familiar,Selva,351.88,18,9,1,4.06,1
U1233,19,Negocios,Costa,512.72,8,13,4,4.95,1
U1234,45,Turismo,Costa,228.67,6,6,3,3.71,0
U1235,47,Negocios,Costa,409.61,11,13,3,4.99,1
U1236,55,Familiar,Costa,217.17,9,7,3,4.11,1
U1237,21,Familiar,Costa,350.77,5,4,3,3.88,0
U1238,18,Turismo,Selva,84.21,7,2,2,3.69,1
U1239,25,Familiar,Costa,412.12,15,10,2,4.88,1
U1240,46,Negocios,Costa,306.2,4,10,3,4.32,0
U1241,56,Turismo,Sierra,186.33,19,4,3,3.9,1
U1242,20,Turismo,Costa,314.29,13,5,5,4.34,1
U1243,49,Negocios,Costa,423.94,1,14,1,4.52,1
U1244,27,Turismo,Sierra,360.34,1,8,1,3.99,0
U1245,27,Pareja,Selva,285.66,14,3,3,3.39,1
U1246,36,Negocios,Sierra,448.88,9,13,2,4.11,1
U1247,63,Turismo,Sierra,283.34,12,4,4,3.94,1
U1248,51,Negocios,Costa,309.57,18,7,3,4.29,1
U1249,50,Negocios,Selva,422.98,9,12,3,4.67,1
U1250,40,Pareja,Costa,318.23,8,9,1,4.67,1
U1251,45,Turismo,Sierra,290.88,14,2,2,3.91,1
U1252,49,Turismo,Costa,298.24,9,5,5,4.31,1
U1253,24,Familiar,Selva,220.53,2,2,2,3.22,0
U1254,46,Negocios,Sierra,255.17,1,3,3,3.57,0
U1255,25,Turismo,Sierra,316.11,13,9,2,4.37,1
U1256,18,Turismo,Costa,352.08,10,7,3,3.9,1
U1257,20,Turismo,Costa,449.99,8,10,1,4.63,1
U1258,41,Pareja,Sierra,147.62,7,3,4,3.6,1
U1259,40,Familiar,Sierra,265.95,12,4,2,4.16,1
U1260,25,Turismo,Costa,375.33,17,10,3,4.56,1
U1261,64,Familiar,Selva,346.23,12,10,1,4.67,1
U1262,54,Negocios,Selva,406.4,16,14,1,4.57,1
U1263,20,Negocios,Costa,358.13,10,7,1,3.83,1
U1264,50,Negocios,Selva,249.28,12,4,3,3.85,1
U1265,45,Turismo,Sierra,272.96,11,6,0,3.93,1
U1266,64,Turismo,Costa,243.78,14,3,2,3.4,1
U1267,25,Turismo,Costa,321.38,13,8,2,4.66,1
U1268,51,Pareja,Sierra,359.21,2,11,3,4.43,0
U1269,52,Turismo,Sierra,423.08,7,12,5,4.03,1
U1270,49,Turismo,Costa,348.57,1,9,3,4.1,1
U1271,41,Negocios,Sierra,216.82,3,7,5,3.61,1
U1272,31,Negocios,Sierra,318.49,12,9,5,3.92,1
U1273,49,Turismo,Sierra,153.44,5,3,1,3.54,0
U1274,63,Turismo,Costa,156.31,12,4,5,3.42,1
U1275,60,Familiar,Selva,351.14,3,8,3,4.74,1
U1276,33,Negocios,Costa,360.97,5,11,0,4.79,1
U1277,21,Negocios,Costa,490.92,1,13,4,5.0,0
U1278,54,Turismo,Costa,103.01,16,2,2,3.52,0
U1279,38,Negocios,Costa,312.87,9,8,6,4.51,1
U1280,31,Negocios,Selva,274.74,10,7,1,3.82,1
U1281,48,Familiar,Costa,271.07,10,9,2,4.27,1
U1282,35,Negocios,Sierra,328.01,13,8,1,4.41,1
U1283,24,Turismo,Costa,186.56,16,5,2,3.92,1
U1284,27,Turismo,Costa,250.01,4,4,4,3.69,1
U1285,24,Negocios,Selva,274.91,14,4,5,3.62,1
U1286,50,Turismo,Sierra,274.47,17,5,1,3.58,1
U1287,40,Familiar,Costa,391.89,5,10,6,5.0,1
U1288,38,Turismo,Sierra,423.75,13,10,7,4.35,1
U1289,36,Familiar,Costa,459.73,3,14,2,5.0,1
U1290,36,Negocios,Costa,175.36,5,3,2,3.92,1
U1291,53,Familiar,Sierra,252.87,16,6,6,3.74,1
U1292,46,Negocios,Sierra,165.07,19,2,4,3.76,1
U1293,35,Turismo,Costa,208.93,19,5,5,3.69,1
U1294,19,Turismo,Selva,255.87,17,3,2,4.21,1
U1295,18,Pareja,Sierra,376.32,18,9,1,4.11,1
U1296,64,Turismo,Costa,177.85,18,5,5,4.12,1
U1297,22,Negocios,Sierra,242.0,8,6,6,3.03,1
U1298,37,Negocios,Sierra,362.03,18,12,3,3.97,1
U1299,28,Familiar,Sierra,276.96,9,5,2,4.02,1
U1300,59,Turismo,Costa,337.14,19,6,2,3.57,1
U1301,19,Familiar,Sierra,305.72,10,6,4,4.39,1
U1302,20,Negocios,Costa,248.26,2,6,5,4.09,1
U1303,40,Turismo,Selva,400.68,17,12,4,4.1,1
U1304,29,Negocios,Sierra,169.23,13,4,7,3.53,1
U1305,37,Pareja,Costa,261.94,11,8,2,4.37,1
U1306,22,Turismo,Sierra,281.18,16,4,3,3.13,1
U1307,54,Pareja,Selva,288.86,7,3,4,3.35,1
U1308,55,Turismo,Selva,203.14,3,4,2,3.51,0
U1309,47,Turismo,Costa,419.04,16,12,2,4.65,1
U1310,26,Turismo,Costa,274.9,19,4,3,3.93,1
U1311,51,Turismo,Sierra,266.78,16,9,1,4.25,1
U1312,61,Familiar,Costa,208.66,2,5,2,4.31,0
U1313,52,Pareja,Selva,338.56,14,4,3,4.09,1
U1314,39,Familiar,Costa,346.52,10,11,3,4.33,1
U1315,61,Familiar,Costa,265.22,19,6,4,4.37,1
U1316,41,Turismo,Costa,230.95,11,5,6,3.82,1
U1317,34,Turismo,Costa,272.45,18,10,2,4.68,1
U1318,27,Pareja,Sierra,354.11,11,9,5,4.21,1
U1319,47,Negocios,Costa,415.37,9,12,2,4.43,1
U1320,63,Familiar,Costa,336.8,19,8,2,4.83,1
U1321,40,Familiar,Costa,345.74,10,9,3,4.81,1
U1322,49,Turismo,Sierra,438.07,3,14,4,4.33,1
U1323,34,Pareja,Costa,257.45,3,6,3,3.91,1
U1324,34,Turismo,Sierra,236.09,8,5,4,3.62,0
U1325,31,Turismo,Sierra,278.32,6,8,4,4.32,1
U1326,26,Negocios,Sierra,152.75,1,2,5,3.47,0
U1327,57,Turismo,Selva,256.94,6,7,3,4.08,1
U1328,19,Turismo,Selva,378.64,2,9,2,4.06,0
U1329,62,Turismo,Selva,343.06,19,8,5,4.19,1
U1330,42,Familiar,Costa,218.01,7,3,4,4.48,1
U1331,56,Pareja,Costa,558.18,11,14,1,4.91,1
U1332,26,Negocios,Costa,281.47,11,8,0,4.2,1
U1333,39,Turismo,Selva,517.01,4,14,3,4.33,1
U1334,60,Pareja,Selva,292.53,16,7,5,3.71,1
U1335,63,Negocios,Selva,468.93,5,14,4,4.54,1
U1336,21,Negocios,Costa,316.87,7,6,9,3.82,1
U1337,43,Negocios,Selva,237.22,16,5,1,4.12,1
U1338,46,Turismo,Costa,141.6,15,2,2,3.33,1
U1339,62,Negocios,Costa,416.48,5,14,3,4.97,1
U1340,51,Pareja,Costa,111.34,1,3,7,3.63,0
U1341,40,Turismo,Costa,358.09,9,8,4,4.33,1
U1342,54,Turismo,Sierra,423.55,5,11,6,4.84,1
U1343,28,Negocios,Costa,318.06,6,4,3,3.36,1
U1344,23,Turismo,Costa,304.06,3,6,4,4.05,1
U1345,35,Turismo,Sierra,382.73,6,9,2,3.89,1
U1346,38,Familiar,Selva,456.99,8,14,1,4.33,1
U1347,59,Familiar,Sierra,484.31,6,14,1,4.61,0
U1348,53,Turismo,Costa,404.45,16,9,2,4.46,1
U1349,58,Pareja,Selva,314.61,16,7,1,3.76,1
U1350,55,Familiar,Selva,257.25,3,6,3,4.38,1
U1351,51,Familiar,Costa,450.06,17,14,1,5.0,1
U1352,34,Negocios,Sierra,254.25,6,3,2,3.56,1
U1353,54,Negocios,Costa,347.63,6,10,2,4.3,1
U1354,42,Negocios,Costa,238.89,19,2,2,3.75,1
U1355,55,Turismo,Sierra,512.06,15,12,5,4.5,1
U1356,29,Turismo,Selva,261.73,19,3,2,3.42,1
U1357,40,Turismo,Costa,498.42,2,14,5,5.0,1
U1358,59,Familiar,Selva,211.82,8,2,5,3.64,1
U1359,39,Familiar,Selva,400.01,7,13,3,4.63,1
U1360,38,Pareja,Selva,217.72,8,5,4,3.81,1
U1361,44,Turismo,Costa,217.21,13,5,2,3.98,1
U1362,48,Turismo,Selva,311.05,15,6,0,3.65,1
U1363,23,Turismo,Costa,263.84,12,6,1,4.25,1
U1364,44,Negocios,Sierra,348.52,15,9,5,4.31,1
U1365,57,Negocios,Costa,437.56,14,12,5,4.73,1
U1366,51,Turismo,Costa,374.61,7,12,5,4.42,1
U1367,29,Turismo,Sierra,213.78,17,4,2,3.51,1
U1368,62,Familiar,Costa,321.68,5,7,10,4.43,1
U1369,24,Negocios,Costa,424.31,10,13,0,4.33,1
U1370,27,Familiar,Costa,451.2,19,14,4,5.0,1
U1371,62,Turismo,Sierra,387.22,18,13,1,4.69,1
U1372,34,Turismo,Costa,229.68,10,4,3,4.12,1
U1373,43,Turismo,Selva,543.68,2,14,3,4.67,1
U1374,38,Turismo,Costa,194.34,6,3,4,4.06,0
U1375,45,Turismo,Costa,292.62,3,9,1,4.81,1
U1376,63,Turismo,Costa,242.35,19,2,0,3.69,1
U1377,19,Negocios,Costa,398.36,5,10,4,4.7,1
U1378,60,Negocios,Costa,427.26,7,12,3,3.98,1
U1379,18,Turismo,Costa,261.82,7,8,5,3.75,1
U1380,53,Pareja,Selva,380.02,10,13,4,4.44,1
U1381,43,Turismo,Sierra,317.54,1,11,2,3.88,0
U1382,46,Familiar,Costa,482.64,11,14,4,5.0,1
U1383,38,Turismo,Costa,489.84,7,13,0,5.0,1
U1384,28,Pareja,Selva,439.89,6,12,1,4.77,1
U1385,57,Familiar,Costa,358.59,6,5,4,4.46,1
U1386,28,Turismo,Costa,216.78,13,4,0,3.53,1
U1387,53,Turismo,Sierra,289.35,16,7,6,3.77,1
U1388,56,Familiar,Sierra,377.52,13,10,4,4.63,1
U1389,57,Turismo,Sierra,360.72,2,10,6,4.03,1
U1390,52,Turismo,Costa,286.03,19,5,4,4.22,1
U1391,51,Negocios,Costa,362.43,19,11,4,4.69,1
U1392,64,Familiar,Sierra,213.58,19,6,0,4.03,1
U1393,41,Familiar,Costa,327.16,18,12,2,4.21,1
U1394,39,Negocios,Sierra,485.09,6,14,3,5.0,1
U1395,22,Turismo,Sierra,345.9,2,10,1,4.13,0
U1396,50,Turismo,Costa,158.18,19,3,2,4.48,1
U1397,53,Negocios,Selva,185.7,6,3,3,3.72,0
U1398,64,Pareja,Selva,380.94,15,6,2,4.0,1
U1399,37,Negocios,Sierra,138.89,6,2,3,3.51,1
U1400,36,Negocios,Costa,386.33,3,9,1,3.82,0
U1401,52,Turismo,Costa,304.37,11,6,4,4.42,1
U1402,60,Familiar,Costa,505.92,8,13,2,5.0,1
U1403,34,Negocios,Costa,388.26,18,11,1,3.9,1
U1404,62,Turismo,Selva,138.64,17,3,4,3.34,1
U1405,60,Turismo,Costa,488.48,19,13,1,4.8,1
U1406,51,Negocios,Costa,359.7,19,10,6,4.68,1
U1407,26,Negocios,Costa,280.38,17,3,3,4.54,1
U1408,43,Turismo,Sierra,368.55,4,8,3,4.25,0
U1409,19,Turismo,Costa,399.77,7,9,5,5.0,1
U1410,26,Pareja,Costa,423.96,5,7,3,4.45,0
U1411,26,Familiar,Costa,430.73,16,12,5,5.0,1
U1412,57,Pareja,Selva,399.9,6,8,2,4.3,0
U1413,34,Turismo,Costa,396.39,14,12,3,4.96,1
U1414,18,Pareja,Selva,221.47,2,2,6,3.42,0
U1415,42,Turismo,Selva,235.98,18,5,6,3.97,1
U1416,60,Turismo,Costa,485.03,18,14,3,4.5,1
U1417,57,Negocios,Sierra,346.49,13,8,3,4.01,1
U1418,59,Negocios,Costa,91.41,18,2,3,3.29,1
U1419,42,Turismo,Selva,430.48,17,14,1,4.59,1
U1420,56,Turismo,Sierra,205.95,13,2,5,3.42,1
U1421,52,Negocios,Costa,303.76,12,12,3,4.75,1
U1422,20,Turismo,Costa,300.74,3,7,4,3.89,1
U1423,54,Turismo,Costa,311.52,7,5,1,3.55,1
U1424,61,Turismo,Selva,303.89,1,4,3,3.4,0
U1425,61,Turismo,Costa,399.73,5,13,5,4.95,1
U1426,47,Familiar,Sierra,351.54,1,6,3,4.01,0
U1427,55,Familiar,Costa,432.6,4,10,1,4.98,1
U1428,51,Turismo,Selva,287.02,1,11,3,4.04,0
U1429,29,Turismo,Costa,400.2,13,11,3,4.8,1
U1430,36,Turismo,Sierra,450.17,14,13,4,4.48,1
U1431,54,Familiar,Costa,514.79,15,13,2,5.0,1
U1432,61,Turismo,Sierra,430.95,17,12,6,5.0,1
U1433,34,Negocios,Costa,464.1,12,11,2,4.58,1
U1434,27,Negocios,Costa,199.84,7,4,4,3.66,0
U1435,64,Turismo,Costa,203.41,19,6,2,4.85,1
U1436,29,Turismo,Sierra,362.02,3,11,7,3.95,1
U1437,33,Familiar,Costa,362.16,18,6,7,4.51,1
U1438,41,Negocios,Sierra,418.49,4,10,2,4.34,1
U1439,36,Turismo,Costa,532.75,3,12,5,4.86,1
U1440,25,Familiar,Selva,366.68,12,13,3,4.16,1
U1441,48,Familiar,Selva,446.48,12,11,3,4.89,1
U1442,38,Turismo,Sierra,454.37,17,12,1,4.22,1
U1443,34,Turismo,Costa,246.83,6,5,2,4.37,1
U1444,40,Turismo,Costa,233.23,15,2,4,3.33,1
U1445,54,Pareja,Costa,401.41,2,11,5,4.57,1
U1446,33,Negocios,Costa,306.33,8,6,2,3.45,0
U1447,23,Pareja,Sierra,228.47,14,2,2,2.91,0
U1448,25,Turismo,Sierra,354.54,5,7,0,3.81,1
U1449,42,Turismo,Selva,443.19,3,13,5,4.33,1
U1450,35,Negocios,Costa,483.28,10,11,2,5.0,1
U1451,42,Turismo,Sierra,383.62,7,11,2,4.31,1
U1452,29,Turismo,Costa,421.94,11,8,4,4.83,1
U1453,32,Negocios,Sierra,138.05,15,2,6,3.26,1
U1454,43,Turismo,Costa,345.16,2,11,1,4.62,1
U1455,58,Pareja,Costa,214.77,5,5,2,3.66,1
U1456,62,Turismo,Costa,420.03,11,10,1,4.3,1
U1457,43,Familiar,Sierra,420.79,8,14,2,4.3,1
U1458,64,Negocios,Selva,268.94,13,2,2,3.74,1
U1459,49,Turismo,Costa,345.87,11,10,1,4.47,1
U1460,27,Negocios,Costa,369.94,17,9,4,4.62,1
U1461,33,Turismo,Costa,315.32,15,6,2,4.2,1
U1462,24,Pareja,Sierra,254.75,1,7,2,4.47,0
U1463,34,Turismo,Costa,258.21,19,8,0,4.17,1
U1464,40,Negocios,Sierra,275.24,16,5,2,4.1,1
U1465,43,Turismo,Selva,291.67,19,7,4,3.84,1
U1466,38,Turismo,Selva,352.68,13,8,3,3.83,1
U1467,39,Turismo,Costa,349.35,4,12,1,4.71,1
U1468,24,Familiar,Selva,287.7,11,7,7,4.2,1
U1469,31,Familiar,Sierra,407.54,18,12,2,4.96,1
U1470,32,Turismo,Costa,339.19,18,14,3,4.68,1
U1471,24,Turismo,Sierra,488.62,10,13,3,4.39,1
U1472,26,Turismo,Selva,267.66,17,7,5,4.21,1
U1473,25,Negocios,Costa,291.62,13,3,1,3.67,1
U1474,40,Turismo,Costa,248.67,14,6,3,4.18,1
U1475,46,Turismo,Costa,212.81,7,4,1,4.21,1
U1476,35,Turismo,Sierra,265.66,10,8,3,3.82,1
U1477,48,Turismo,Costa,318.43,3,5,3,4.43,1
U1478,47,Negocios,Selva,217.15,2,2,5,3.65,0
U1479,56,Turismo,Sierra,508.86,19,13,5,4.92,1
U1480,52,Negocios,Sierra,428.48,7,13,2,4.26,0
U1481,35,Negocios,Costa,303.45,5,7,1,4.22,1
U1482,59,Familiar,Sierra,221.43,3,7,2,3.67,1
U1483,56,Negocios,Costa,296.55,2,8,1,4.71,0
U1484,34,Turismo,Costa,425.15,6,12,4,4.05,1
U1485,31,Negocios,Sierra,369.33,14,9,5,4.08,1
U1486,48,Familiar,Costa,330.07,7,4,5,4.08,1
U1487,41,Turismo,Sierra,212.99,2,7,0,3.98,0
U1488,52,Negocios,Costa,405.88,11,11,5,5.0,1
U1489,61,Turismo,Costa,197.85,3,3,1,3.94,0
U1490,62,Familiar,Costa,464.84,9,14,2,5.0,1
U1491,51,Pareja,Selva,377.33,8,10,2,3.84,1
U1492,20,Negocios,Sierra,207.1,11,3,0,3.17,0
U1493,54,Familiar,Sierra,182.22,18,4,3,3.6,1
U1494,60,Pareja,Costa,372.91,1,13,1,4.63,1
U1495,57,Pareja,Costa,447.82,15,14,4,4.49,1
U1496,43,Turismo,Selva,323.38,4,11,3,3.97,0
U1497,40,Turismo,Costa,433.2,4,13,3,4.9,1
U1498,61,Turismo,Costa,426.18,10,13,5,4.33,1
U1499,56,Familiar,Sierra,94.16,11,3,3,3.3,0
U1500,32,Turismo,Costa,468.87,18,10,4,4.52,1
U1501,21,Turismo,Selva,198.3,15,2,1,3.41,0
U1502,46,Turismo,Sierra,161.45,3,6,1,3.93,1
U1503,39,Familiar,Costa,206.79,7,2,4,3.74,1
U1504,42,Familiar,Costa,273.15,7,6,2,4.13,0
U1505,30,Negocios,Costa,284.08,17,9,3,4.39,1
U1506,35,Familiar,Selva,365.44,16,9,1,4.72,1
U1507,50,Turismo,Sierra,369.52,16,12,3,4.77,1
U1508,33,Familiar,Costa,359.62,8,9,4,4.81,1
U1509,62,Turismo,Costa,181.58,3,3,2,3.75,0
U1510,59,Turismo,Sierra,304.69,15,9,4,4.23,1
U1511,61,Pareja,Sierra,438.07,1,13,9,4.45,1
U1512,19,Turismo,Costa,202.21,10,6,4,3.82,1
U1513,52,Familiar,Costa,190.31,2,2,2,3.45,0
U1514,59,Turismo,Costa,360.62,7,8,5,4.59,1
U1515,51,Turismo,Sierra,524.6,14,14,0,4.81,1
U1516,47,Turismo,Selva,359.96,16,7,2,4.3,1
U1517,30,Turismo,Costa,350.98,15,6,2,3.36,1
U1518,30,Turismo,Sierra,171.7,7,2,4,3.43,0
U1519,35,Negocios,Costa,143.21,13,2,1,3.33,0
U1520,49,Turismo,Costa,346.3,10,7,3,4.69,1
U1521,49,Negocios,Costa,368.57,9,11,7,4.67,1
U1522,52,Pareja,Selva,439.16,9,13,1,4.6,1
U1523,56,Pareja,Costa,365.1,6,8,3,4.2,1
U1524,63,Turismo,Sierra,495.47,12,11,3,4.66,1
U1525,46,Familiar,Costa,420.85,14,11,3,4.61,1
U1526,46,Turismo,Costa,204.69,7,2,1,3.68,0
U1527,61,Turismo,Costa,316.14,8,10,1,4.16,1
U1528,33,Familiar,Sierra,319.56,8,5,2,4.87,1
U1529,61,Pareja,Costa,303.75,8,6,7,4.55,1
U1530,64,Turismo,Sierra,199.3,2,3,5,3.87,1
U1531,27,Familiar,Costa,416.33,14,13,5,4.54,1
U1532,47,Turismo,Costa,374.07,10,11,2,4.76,1
U1533,42,Pareja,Costa,463.27,18,14,8,4.88,1
U1534,56,Negocios,Costa,277.02,18,9,5,4.57,1
U1535,37,Turismo,Costa,277.56,18,3,4,4.0,1
U1536,22,Turismo,Costa,290.61,16,4,3,3.98,1
U1537,18,Turismo,Sierra,430.47,5,13,5,4.58,1
U1538,47,Negocios,Sierra,351.96,5,10,2,3.66,0
U1539,20,Pareja,Costa,215.5,10,3,4,3.55,1
U1540,62,Negocios,Costa,312.86,17,7,0,4.29,1
U1541,31,Turismo,Costa,423.84,13,13,2,5.0,1
U1542,47,Negocios,Costa,311.05,17,5,3,3.91,1
U1543,21,Turismo,Costa,256.55,18,8,7,4.1,1
U1544,35,Turismo,Selva,269.94,13,7,5,3.41,1
U1545,54,Turismo,Costa,433.17,17,11,5,5.0,1
U1546,42,Negocios,Costa,388.41,15,10,3,4.81,1
U1547,18,Negocios,Costa,338.21,12,10,1,4.57,1
U1548,63,Turismo,Costa,414.43,10,11,2,4.7,1
U1549,32,Familiar,Sierra,221.45,13,5,2,4.46,1
U1550,26,Familiar,Costa,178.93,11,2,5,3.72,1
U1551,32,Negocios,Costa,268.84,3,3,1,3.61,0
U1552,41,Turismo,Sierra,396.63,10,9,3,4.56,1
U1553,21,Negocios,Costa,408.82,11,11,2,4.87,1
U1554,29,Negocios,Sierra,297.41,6,9,2,3.69,0
U1555,54,Turismo,Sierra,197.77,1,3,3,3.39,0
U1556,54,Turismo,Costa,265.92,6,5,5,4.49,1
U1557,60,Negocios,Sierra,267.21,5,2,3,3.76,0
U1558,23,Negocios,Costa,238.63,7,8,1,4.31,1
U1559,56,Negocios,Sierra,217.49,12,5,3,3.34,1
U1560,63,Familiar,Costa,473.06,12,12,1,5.0,1
U1561,41,Pareja,Costa,417.98,7,9,3,4.06,1
U1562,28,Negocios,Sierra,368.71,2,10,2,3.64,0
U1563,30,Negocios,Selva,515.77,1,13,5,4.9,1
U1564,51,Familiar,Selva,335.52,18,10,4,4.9,1
U1565,42,Pareja,Sierra,163.41,12,4,5,3.45,1
U1566,24,Turismo,Costa,322.83,7,6,1,3.98,0
U1567,21,Negocios,Costa,370.27,19,7,1,4.8,1
U1568,25,Negocios,Costa,369.44,3,7,1,4.23,1
U1569,37,Turismo,Costa,351.24,10,11,2,4.43,1
U1570,46,Turismo,Costa,359.94,11,9,2,4.88,1
U1571,62,Negocios,Selva,347.52,5,7,1,3.94,0
U1572,63,Turismo,Costa,320.58,2,7,1,3.99,1
U1573,27,Negocios,Costa,333.41,8,5,4,4.36,1
U1574,60,Familiar,Costa,307.5,14,8,6,4.3,1
U1575,51,Turismo,Selva,346.44,8,9,3,4.1,0
U1576,43,Negocios,Sierra,250.69,6,4,1,3.31,0
U1577,58,Turismo,Sierra,369.38,1,8,6,4.19,1
U1578,20,Turismo,Costa,229.15,1,4,2,3.88,0
U1579,23,Pareja,Selva,396.34,8,9,3,4.53,1
U1580,22,Turismo,Costa,274.67,11,2,7,4.11,1
U1581,22,Turismo,Selva,168.53,18,2,3,3.6,1
U1582,64,Familiar,Sierra,297.3,10,7,5,4.36,1
U1583,40,Turismo,Costa,442.8,12,11,4,4.61,1
U1584,26,Pareja,Costa,468.57,16,10,4,4.82,1
U1585,52,Turismo,Sierra,470.65,5,13,4,4.26,1
U1586,37,Turismo,Costa,221.78,16,5,6,3.19,1
U1587,59,Negocios,Selva,315.44,12,7,3,4.33,1
U1588,52,Turismo,Costa,486.86,6,13,3,5.0,1
U1589,35,Familiar,Costa,242.69,5,6,4,4.25,1
U1590,34,Familiar,Costa,384.93,1,13,7,5.0,1
U1591,41,Negocios,Costa,177.19,19,2,2,3.43,1
U1592,20,Negocios,Costa,338.52,10,7,1,4.02,1
U1593,49,Familiar,Costa,303.73,14,10,2,4.35,1
U1594,52,Pareja,Sierra,404.19,3,13,3,4.63,1
U1595,55,Negocios,Costa,252.56,6,4,2,3.43,1
U1596,30,Turismo,Selva,471.16,5,12,3,4.31,1
U1597,64,Turismo,Sierra,253.39,17,4,4,3.79,1
U1598,42,Familiar,Selva,235.39,18,3,0,3.56,0
U1599,26,Negocios,Costa,511.31,12,14,5,4.72,1
U1600,21,Negocios,Costa,340.96,5,5,0,3.47,1
U1601,31,Familiar,Costa,468.69,9,11,5,5.0,1
U1602,54,Negocios,Sierra,136.81,12,4,4,3.27,1
U1603,51,Turismo,Selva,443.75,9,13,4,4.21,1
U1604,28,Turismo,Costa,262.28,3,3,4,3.49,1
U1605,58,Turismo,Costa,279.43,1,2,2,3.73,0
U1606,20,Turismo,Selva,270.93,15,4,1,3.27,1
U1607,45,Turismo,Costa,351.45,10,11,2,5.0,1
U1608,46,Negocios,Sierra,269.18,14,7,5,3.17,1
U1609,26,Turismo,Sierra,337.24,7,10,2,4.04,0
U1610,20,Familiar,Selva,432.01,4,12,1,4.8,1
U1611,42,Familiar,Costa,259.32,5,6,5,4.09,1
U1612,51,Negocios,Costa,86.64,16,4,3,3.64,1
U1613,29,Negocios,Sierra,224.4,3,6,1,3.51,0
U1614,59,Turismo,Selva,261.1,17,6,0,4.28,1
U1615,26,Turismo,Costa,215.19,13,6,5,3.59,1
U1616,32,Turismo,Costa,378.17,6,13,3,3.9,1
U1617,57,Turismo,Sierra,541.4,5,13,3,4.34,1
U1618,42,Negocios,Selva,327.32,16,8,2,4.17,1
U1619,22,Negocios,Selva,264.01,11,6,2,3.79,1
U1620,28,Turismo,Selva,361.12,17,8,3,4.35,1
U1621,51,Turismo,Costa,429.49,5,10,2,4.71,1
U1622,41,Negocios,Costa,395.35,6,6,5,4.1,1
U1623,32,Turismo,Sierra,301.93,10,3,3,3.61,0
U1624,55,Turismo,Selva,305.06,1,6,4,3.79,1
U1625,25,Familiar,Costa,273.33,10,9,3,5.0,1
U1626,22,Familiar,Costa,388.72,17,13,5,5.0,1
U1627,43,Turismo,Sierra,241.0,3,5,1,4.3,0
U1628,35,Negocios,Costa,241.99,2,3,3,4.09,1
U1629,23,Turismo,Costa,399.13,17,11,4,4.53,1
U1630,54,Negocios,Sierra,165.23,4,4,2,3.22,1
U1631,30,Turismo,Sierra,289.6,2,10,1,4.14,0
U1632,45,Familiar,Sierra,385.14,5,10,1,4.55,0
U1633,22,Turismo,Costa,355.97,10,9,3,4.33,1
U1634,30,Familiar,Sierra,339.48,1,9,3,4.37,0
U1635,34,Turismo,Sierra,374.12,1,9,1,3.58,0
U1636,57,Negocios,Sierra,412.31,4,9,6,4.65,1
U1637,62,Familiar,Sierra,365.48,7,9,2,4.47,1
U1638,49,Turismo,Costa,147.36,14,2,1,3.17,0
U1639,46,Turismo,Costa,401.29,14,7,6,4.5,1
U1640,20,Turismo,Costa,430.03,18,13,3,4.45,1
U1641,57,Negocios,Costa,374.69,2,10,1,4.62,1
U1642,51,Pareja,Sierra,317.29,1,9,2,4.35,0
U1643,57,Negocios,Selva,185.16,16,4,2,3.88,1
U1644,44,Pareja,Sierra,366.98,18,12,4,4.29,1
U1645,30,Pareja,Sierra,133.8,16,2,3,3.24,1
U1646,62,Familiar,Costa,66.16,6,3,3,3.59,1
U1647,50,Turismo,Costa,408.82,10,12,5,4.4,1
U1648,23,Turismo,Costa,271.77,2,3,1,3.89,0
U1649,41,Familiar,Costa,278.54,7,8,3,4.39,1
U1650,36,Turismo,Costa,566.82,17,13,5,4.74,1
U1651,33,Turismo,Sierra,374.85,3,7,3,3.76,0
U1652,57,Turismo,Selva,415.72,12,12,3,4.4,1
U1653,45,Turismo,Costa,161.1,2,3,2,3.54,0
U1654,50,Turismo,Costa,270.12,7,9,4,3.85,0
U1655,58,Turismo,Sierra,366.51,17,10,4,4.48,1
U1656,30,Turismo,Costa,331.16,19,8,4,4.79,1
U1657,60,Familiar,Selva,250.88,12,5,0,4.34,1
U1658,62,Negocios,Sierra,514.53,9,14,4,4.51,1
U1659,42,Pareja,Selva,535.92,14,14,2,4.76,1
U1660,59,Turismo,Costa,218.07,2,2,2,4.2,1
U1661,53,Familiar,Sierra,287.42,4,5,5,3.77,1
U1662,44,Turismo,Costa,245.32,19,5,3,4.18,1
U1663,55,Familiar,Sierra,349.73,16,9,2,4.02,1
U1664,24,Negocios,Costa,281.68,17,5,5,4.52,1
U1665,22,Familiar,Costa,245.26,2,5,2,4.11,1
U1666,60,Negocios,Sierra,494.11,17,14,1,5.0,1
U1667,62,Familiar,Sierra,163.85,19,3,3,4.3,1
U1668,48,Pareja,Selva,402.24,8,13,3,4.42,1
U1669,40,Turismo,Sierra,342.06,6,11,1,4.02,1
U1670,59,Negocios,Sierra,294.32,12,8,3,4.05,1
U1671,27,Familiar,Costa,246.73,18,5,1,4.19,1
U1672,49,Turismo,Sierra,468.08,2,12,4,4.42,1
U1673,60,Familiar,Sierra,307.61,19,7,3,3.77,1
U1674,47,Negocios,Selva,174.66,10,4,4,3.39,1
U1675,56,Negocios,Selva,257.65,3,8,3,3.58,1
U1676,48,Pareja,Costa,284.73,12,7,6,4.28,1
U1677,35,Turismo,Selva,280.6,16,4,1,4.06,1
U1678,53,Familiar,Costa,331.24,12,5,3,4.63,1
U1679,19,Turismo,Costa,314.87,8,11,5,4.48,1
U1680,31,Turismo,Sierra,301.93,5,6,2,3.65,1
U1681,30,Turismo,Costa,352.1,11,10,3,4.47,1
U1682,46,Turismo,Sierra,289.32,10,7,2,4.17,1
U1683,29,Turismo,Costa,407.86,3,14,5,4.54,1
U1684,56,Turismo,Costa,250.09,9,5,0,3.99,1
U1685,19,Turismo,Sierra,361.17,12,12,1,4.28,1
U1686,49,Turismo,Sierra,403.34,6,12,3,4.91,1
U1687,30,Familiar,Selva,385.17,19,8,3,4.73,1
U1688,63,Negocios,Sierra,248.22,16,3,4,3.83,1
U1689,44,Turismo,Sierra,356.78,14,5,4,3.45,1
U1690,58,Negocios,Costa,309.63,4,6,4,4.17,1
U1691,34,Turismo,Costa,269.82,18,5,5,3.94,1
U1692,57,Familiar,Costa,288.74,10,5,3,4.28,1
U1693,48,Negocios,Sierra,377.84,18,12,4,3.89,1
U1694,51,Negocios,Sierra,356.77,12,14,0,4.09,1
U1695,41,Negocios,Costa,412.0,19,10,4,4.5,1
U1696,62,Turismo,Sierra,326.86,8,12,4,4.59,1
U1697,52,Familiar,Sierra,517.15,1,14,1,4.86,1
U1698,23,Negocios,Costa,254.2,14,3,5,3.74,1
U1699,36,Familiar,Costa,263.06,6,7,2,4.91,1
U1700,47,Turismo,Selva,328.17,14,9,2,4.02,1
U1701,24,Turismo,Sierra,349.4,2,9,3,4.11,0
U1702,27,Pareja,Selva,370.52,9,12,4,4.31,1
U1703,58,Turismo,Costa,354.78,12,8,4,3.91,1
U1704,49,Turismo,Selva,425.84,5,11,2,4.57,1
U1705,51,Negocios,Costa,344.48,2,12,1,4.29,0
U1706,45,Negocios,Costa,219.94,19,5,5,3.88,1
U1707,32,Turismo,Selva,325.91,7,8,4,4.19,0
U1708,47,Negocios,Costa,518.1,7,14,5,5.0,1
U1709,54,Turismo,Sierra,427.02,10,11,3,4.01,1
U1710,46,Turismo,Costa,188.99,17,7,3,4.19,1
U1711,39,Turismo,Sierra,402.03,14,12,2,4.66,1
U1712,21,Negocios,Selva,329.17,11,7,3,3.82,1
U1713,37,Turismo,Costa,176.66,6,3,1,3.88,1
U1714,49,Turismo,Sierra,306.1,8,9,2,4.56,0
U1715,53,Pareja,Costa,312.62,19,9,4,4.05,1
U1716,21,Negocios,Sierra,401.23,19,12,2,4.47,1
U1717,44,Familiar,Costa,278.8,17,8,5,4.58,1
U1718,34,Turismo,Costa,449.63,18,12,4,4.86,1
U1719,29,Turismo,Costa,329.16,12,10,2,4.59,1
U1720,39,Turismo,Costa,298.16,9,9,4,4.3,1
U1721,34,Negocios,Selva,352.26,16,10,1,4.36,1
U1722,27,Negocios,Costa,446.14,18,10,4,4.32,1
U1723,18,Turismo,Costa,331.8,16,7,2,4.26,1
U1724,39,Turismo,Costa,246.1,16,3,7,3.7,1
U1725,43,Pareja,Costa,453.16,4,13,3,4.39,1
U1726,35,Turismo,Sierra,280.4,7,8,2,3.81,1
U1727,31,Negocios,Selva,206.87,1,4,6,3.69,1
U1728,64,Familiar,Costa,420.57,1,14,1,5.0,0
U1729,46,Turismo,Selva,382.33,8,8,2,3.78,0
U1730,29,Turismo,Sierra,386.96,8,10,4,3.99,1
U1731,53,Turismo,Costa,311.05,10,11,7,4.59,1
U1732,52,Pareja,Sierra,467.04,1,11,5,4.64,0
U1733,29,Familiar,Sierra,200.06,14,3,2,4.12,1
U1734,24,Turismo,Sierra,493.74,14,14,4,5.0,1
U1735,46,Turismo,Selva,358.15,10,7,5,4.23,1
U1736,28,Pareja,Costa,332.96,19,14,2,4.44,1
U1737,50,Turismo,Selva,328.26,16,7,2,4.04,1
U1738,23,Negocios,Sierra,359.56,9,10,1,4.72,1
U1739,64,Turismo,Costa,339.97,16,14,1,5.0,1
U1740,32,Negocios,Sierra,315.56,8,10,3,4.27,1
U1741,49,Turismo,Costa,438.34,7,14,4,4.94,1
U1742,28,Turismo,Selva,325.6,11,6,2,4.17,1
U1743,40,Turismo,Sierra,274.5,6,6,1,3.86,1
U1744,43,Negocios,Costa,379.6,15,10,1,4.81,1
U1745,51,Familiar,Costa,332.17,19,9,5,4.92,1
U1746,63,Turismo,Sierra,382.15,14,8,1,4.27,1
U1747,51,Turismo,Costa,376.02,15,9,2,4.31,1
U1748,46,Turismo,Costa,313.68,6,7,2,3.72,0
U1749,21,Turismo,Costa,181.72,10,4,1,3.98,0
U1750,34,Negocios,Costa,333.74,14,8,4,4.33,1
U1751,52,Negocios,Costa,489.07,16,9,2,4.41,1
U1752,30,Familiar,Costa,389.74,13,9,2,4.39,1
U1753,58,Pareja,Costa,157.47,11,2,2,3.81,1
U1754,56,Turismo,Sierra,420.38,3,8,4,3.76,0
U1755,32,Negocios,Sierra,199.71,8,4,8,3.69,1
U1756,46,Turismo,Costa,252.37,3,3,2,4.11,0
U1757,46,Familiar,Costa,214.35,2,3,3,4.24,0
U1758,28,Familiar,Sierra,359.08,14,9,3,4.35,1
U1759,49,Negocios,Costa,383.13,15,10,0,4.09,0
U1760,19,Negocios,Costa,226.5,3,4,3,4.03,1
U1761,64,Familiar,Costa,219.41,1,4,3,4.5,1
U1762,31,Turismo,Selva,239.69,15,7,7,3.66,1
U1763,37,Turismo,Sierra,360.38,2,12,3,4.47,1
U1764,39,Negocios,Sierra,411.11,18,11,2,4.85,1
U1765,28,Turismo,Sierra,160.3,1,2,0,3.52,0
U1766,44,Familiar,Sierra,260.03,9,7,5,4.05,1
U1767,20,Pareja,Costa,580.21,3,13,2,5.0,1
U1768,34,Turismo,Sierra,363.34,2,4,2,3.71,0
U1769,61,Turismo,Costa,445.67,4,12,3,4.3,1
U1770,45,Negocios,Sierra,297.17,16,5,2,4.09,1
U1771,46,Turismo,Sierra,331.57,1,10,1,4.04,0
U1772,38,Turismo,Sierra,179.61,9,4,5,3.46,1
U1773,64,Turismo,Costa,177.42,8,2,2,3.47,1
U1774,33,Turismo,Costa,238.89,6,4,2,3.74,1
U1775,54,Negocios,Sierra,363.41,18,8,4,4.55,1
U1776,37,Negocios,Sierra,369.55,16,14,1,4.94,1
U1777,23,Turismo,Selva,435.12,8,8,1,4.81,0
U1778,36,Negocios,Costa,429.03,4,12,3,4.99,1
U1779,22,Negocios,Sierra,205.78,3,6,1,3.85,0
U1780,20,Pareja,Sierra,202.31,15,2,2,3.07,0
U1781,18,Turismo,Selva,371.51,6,12,5,4.29,1
U1782,55,Turismo,Sierra,301.35,1,9,3,4.7,1
U1783,32,Familiar,Sierra,341.29,18,11,2,4.4,1
U1784,51,Pareja,Sierra,337.15,11,9,1,4.58,1
U1785,52,Turismo,Sierra,499.55,3,11,4,4.57,1
U1786,42,Familiar,Selva,443.48,13,13,5,4.03,1
U1787,41,Turismo,Costa,429.1,17,11,3,4.8,1
U1788,29,Turismo,Costa,507.99,18,14,6,5.0,1
U1789,35,Turismo,Selva,387.17,14,11,5,4.31,1
U1790,32,Turismo,Sierra,158.61,7,3,4,3.84,1
U1791,61,Turismo,Sierra,314.47,7,11,4,3.68,0
U1792,33,Turismo,Costa,219.5,14,4,2,3.42,1
U1793,44,Negocios,Costa,318.29,15,5,3,4.15,1
U1794,25,Turismo,Sierra,241.21,12,2,6,3.73,1
U1795,63,Negocios,Sierra,273.91,12,5,3,4.2,1
U1796,42,Turismo,Costa,302.76,8,6,1,4.3,0
U1797,34,Turismo,Costa,232.04,16,4,5,3.51,1
U1798,46,Familiar,Selva,392.56,9,12,3,4.75,1
U1799,25,Familiar,Costa,357.5,2,11,1,4.95,1
U1800,32,Familiar,Selva,143.08,14,3,2,3.17,1
U1801,44,Turismo,Costa,550.92,16,14,2,4.99,1
U1802,63,Familiar,Sierra,314.09,5,7,1,4.18,1
U1803,24,Turismo,Selva,327.85,5,9,4,3.91,0
U1804,20,Negocios,Sierra,418.81,18,8,3,4.39,1
U1805,46,Negocios,Costa,517.23,18,12,5,4.49,1
U1806,61,Turismo,Sierra,331.7,5,2,2,3.89,0
U1807,41,Turismo,Costa,248.68,11,5,2,4.12,1
U1808,20,Turismo,Costa,244.14,13,4,1,4.21,0
U1809,37,Familiar,Selva,338.08,3,7,5,3.99,1
U1810,63,Negocios,Sierra,455.3,17,10,4,3.96,1
U1811,32,Negocios,Sierra,375.29,18,10,3,4.33,1
U1812,42,Pareja,Costa,278.59,14,8,5,4.07,1
U1813,47,Negocios,Costa,401.18,12,13,2,5.0,1
U1814,31,Turismo,Costa,431.06,14,10,4,4.7,1
U1815,24,Turismo,Sierra,381.02,18,9,1,4.23,1
U1816,34,Turismo,Sierra,274.67,2,6,0,3.8,0
U1817,61,Negocios,Sierra,360.26,7,10,3,3.86,1
U1818,37,Negocios,Selva,319.11,15,8,3,4.21,1
U1819,53,Negocios,Costa,345.27,10,6,6,4.17,1
U1820,26,Turismo,Costa,310.52,15,9,2,4.25,1
U1821,55,Turismo,Costa,267.08,17,8,4,4.16,1
U1822,39,Negocios,Costa,463.03,11,10,2,4.69,1
U1823,19,Turismo,Costa,395.66,2,11,1,4.02,1
U1824,41,Familiar,Selva,190.47,18,2,5,4.03,1
U1825,25,Negocios,Costa,494.62,4,14,4,4.64,1
U1826,28,Turismo,Selva,322.75,9,10,1,4.1,1
U1827,30,Turismo,Costa,365.28,17,8,2,4.72,1
U1828,34,Turismo,Selva,175.3,17,2,5,3.98,1
U1829,25,Turismo,Sierra,250.72,17,2,1,3.09,1
U1830,38,Turismo,Selva,206.63,16,6,3,3.72,1
U1831,35,Familiar,Costa,372.51,8,9,5,4.78,1
U1832,47,Familiar,Sierra,360.63,15,10,2,4.07,1
U1833,35,Turismo,Selva,403.62,1,13,2,4.7,1
U1834,63,Familiar,Costa,344.1,19,7,3,4.57,1
U1835,64,Turismo,Costa,431.43,15,13,2,4.77,1
U1836,48,Turismo,Costa,484.37,9,14,3,4.59,1
U1837,55,Turismo,Selva,457.7,5,11,2,4.59,1
U1838,49,Negocios,Sierra,478.42,16,13,4,4.86,1
U1839,28,Familiar,Sierra,295.95,13,9,3,4.38,1
U1840,62,Turismo,Costa,278.45,16,7,4,3.95,1
U1841,42,Turismo,Costa,439.59,11,12,5,4.55,1
U1842,50,Pareja,Selva,345.23,13,7,3,4.11,1
U1843,55,Negocios,Costa,241.55,6,5,1,3.95,1
U1844,58,Turismo,Sierra,426.52,17,12,1,4.72,1
U1845,25,Negocios,Selva,292.89,5,6,2,3.74,0
U1846,28,Familiar,Costa,233.2,17,3,3,3.75,1
U1847,39,Familiar,Sierra,179.93,1,4,5,3.97,1
U1848,41,Turismo,Costa,168.12,5,4,2,3.59,1
U1849,58,Turismo,Sierra,325.89,5,13,1,4.54,1
U1850,34,Turismo,Costa,421.91,7,12,7,4.65,1
U1851,29,Familiar,Sierra,215.11,16,6,5,4.23,1
U1852,63,Turismo,Costa,390.15,18,6,2,3.98,1
U1853,49,Turismo,Costa,338.24,6,7,2,4.27,1
U1854,32,Pareja,Sierra,224.22,2,6,2,3.54,0
U1855,33,Turismo,Costa,495.61,13,13,2,4.48,1
U1856,39,Negocios,Sierra,362.41,10,7,1,3.82,1
U1857,45,Turismo,Costa,410.91,11,9,3,4.31,1
U1858,37,Pareja,Sierra,176.25,2,3,2,3.88,0
U1859,50,Turismo,Costa,296.9,8,5,6,3.87,1
U1860,27,Negocios,Sierra,522.85,19,14,6,4.36,1
U1861,57,Turismo,Costa,384.08,17,7,2,4.36,1
U1862,49,Turismo,Costa,362.66,16,13,5,4.58,1
U1863,50,Negocios,Costa,272.43,10,6,1,3.9,0
U1864,19,Turismo,Sierra,152.24,5,2,3,3.36,1
U1865,50,Pareja,Costa,465.4,14,10,5,4.92,1
U1866,50,Turismo,Selva,263.43,19,4,2,3.93,1
U1867,58,Turismo,Selva,261.22,4,3,2,3.85,0
U1868,30,Turismo,Costa,396.01,16,10,0,4.14,1
U1869,47,Negocios,Sierra,346.52,15,8,3,4.96,1
U1870,50,Familiar,Costa,240.15,9,6,5,4.6,1
U1871,30,Turismo,Costa,416.52,3,13,2,4.84,1
U1872,43,Turismo,Sierra,309.11,9,7,4,3.62,1
U1873,39,Turismo,Sierra,406.42,18,13,1,4.75,1
U1874,56,Turismo,Sierra,374.97,4,12,4,4.2,1
U1875,19,Turismo,Costa,250.81,19,5,3,3.89,1
U1876,55,Negocios,Costa,164.18,4,2,5,3.12,1
U1877,56,Familiar,Costa,263.59,9,5,5,3.9,1
U1878,43,Pareja,Sierra,350.05,1,10,0,4.33,0
U1879,63,Turismo,Sierra,160.2,1,2,1,3.72,1
U1880,32,Pareja,Sierra,348.03,19,11,3,4.45,1
U1881,51,Negocios,Costa,239.18,3,4,3,4.07,1
U1882,59,Turismo,Costa,327.73,10,6,6,4.14,1
U1883,61,Turismo,Costa,360.3,12,8,0,4.2,1
U1884,57,Turismo,Costa,295.85,18,10,4,4.38,1
U1885,28,Turismo,Costa,348.52,14,7,5,4.49,1
U1886,20,Turismo,Selva,271.07,10,4,1,3.74,1
U1887,23,Negocios,Selva,505.43,10,14,5,5.0,1
U1888,26,Turismo,Sierra,381.93,18,8,4,4.1,1
U1889,23,Negocios,Costa,224.71,1,5,2,3.61,0
U1890,26,Familiar,Costa,223.89,15,4,7,4.14,1
U1891,56,Negocios,Selva,417.28,8,8,2,4.27,0
U1892,48,Negocios,Costa,503.18,3,12,2,4.78,1
U1893,49,Turismo,Selva,412.8,18,12,2,4.81,1
U1894,58,Turismo,Costa,357.91,9,8,2,4.56,1
U1895,29,Familiar,Costa,295.63,16,5,5,3.91,1
U1896,25,Turismo,Selva,526.73,15,13,3,5.0,1
U1897,25,Turismo,Costa,345.02,5,8,0,3.47,0
U1898,45,Familiar,Sierra,356.02,13,12,0,5.0,1
U1899,37,Turismo,Sierra,192.86,7,3,1,3.45,1
U1900,64,Negocios,Costa,351.12,16,2,5,3.95,1
U1901,24,Turismo,Costa,375.92,7,13,5,4.58,1
U1902,28,Pareja,Sierra,219.17,16,3,1,3.7,1
U1903,37,Turismo,Sierra,376.77,13,5,5,4.0,1
U1904,33,Turismo,Costa,309.98,17,9,3,4.23,1
U1905,21,Negocios,Selva,102.53,9,4,5,3.8,1
U1906,23,Negocios,Costa,267.26,12,11,5,4.45,1
U1907,39,Turismo,Costa,265.82,13,7,2,3.79,1
U1908,43,Turismo,Costa,217.39,9,7,4,4.21,1
U1909,20,Negocios,Costa,512.93,5,14,1,5.0,1
U1910,58,Pareja,Costa,385.6,7,10,2,4.31,1
U1911,59,Familiar,Selva,265.5,1,10,4,4.57,1
U1912,31,Turismo,Costa,181.33,4,5,5,3.77,1
U1913,28,Familiar,Costa,434.2,4,10,1,4.8,1
U1914,35,Negocios,Costa,470.73,16,14,1,4.77,1
U1915,29,Turismo,Sierra,377.22,5,7,1,3.38,0
U1916,40,Turismo,Selva,272.61,4,3,1,3.54,0
U1917,29,Familiar,Costa,336.88,6,11,1,4.94,1
U1918,30,Familiar,Costa,460.73,3,12,2,5.0,1
U1919,42,Turismo,Costa,333.68,8,7,2,3.83,1
U1920,62,Pareja,Costa,118.57,17,3,5,3.88,1
U1921,36,Negocios,Costa,281.87,18,9,2,4.12,1
U1922,63,Familiar,Costa,382.98,18,5,5,4.15,1
U1923,53,Pareja,Costa,236.93,12,6,4,4.64,1
U1924,62,Negocios,Sierra,370.55,1,9,6,3.88,1
U1925,25,Familiar,Costa,407.1,12,12,6,5.0,1
U1926,46,Negocios,Selva,359.16,11,9,6,3.94,1
U1927,49,Turismo,Selva,432.62,13,13,1,4.56,1
U1928,61,Turismo,Sierra,487.11,3,13,2,4.35,1
U1929,35,Turismo,Costa,352.48,8,7,5,3.88,1
U1930,23,Pareja,Costa,266.99,3,5,5,4.14,1
U1931,35,Turismo,Costa,149.21,17,2,2,3.72,1
U1932,36,Turismo,Sierra,410.41,13,13,5,4.81,1
U1933,39,Familiar,Costa,248.96,10,8,4,4.39,1
U1934,54,Pareja,Selva,333.25,17,9,3,4.78,1
U1935,49,Negocios,Selva,283.87,3,10,2,4.15,1
U1936,58,Pareja,Costa,227.6,13,3,2,3.98,1
U1937,20,Negocios,Sierra,209.24,6,2,2,3.11,0
U1938,45,Familiar,Costa,311.36,14,5,2,4.19,1
U1939,27,Turismo,Costa,400.06,10,14,3,4.86,1
U1940,52,Negocios,Costa,225.7,16,6,6,3.93,1
U1941,46,Turismo,Costa,470.65,18,11,1,4.75,1
U1942,32,Turismo,Selva,370.41,13,13,4,4.15,1
U1943,50,Turismo,Costa,297.0,10,2,1,3.93,0
U1944,24,Negocios,Costa,237.12,6,6,2,4.01,1
U1945,29,Turismo,Sierra,259.69,10,7,4,3.52,1
U1946,47,Pareja,Sierra,281.02,5,4,2,3.95,0
U1947,38,Turismo,Costa,466.32,6,13,2,4.27,0
U1948,48,Negocios,Selva,409.83,7,8,6,4.27,1
U1949,41,Turismo,Sierra,210.97,11,7,4,4.3,1
U1950,37,Negocios,Costa,287.78,16,5,1,4.23,1
U1951,54,Familiar,Costa,236.58,12,4,1,4.38,1
U1952,21,Familiar,Costa,229.48,12,6,3,3.99,1
U1953,45,Turismo,Selva,332.95,5,4,3,4.4,1
U1954,61,Turismo,Sierra,406.18,16,11,3,4.78,1
U1955,37,Familiar,Selva,369.05,6,10,4,4.29,1
U1956,41,Turismo,Costa,394.89,9,10,0,4.35,0
U1957,49,Familiar,Costa,219.12,5,7,3,4.66,1
U1958,58,Turismo,Costa,398.64,16,14,3,5.0,1
U1959,53,Familiar,Costa,400.0,18,12,2,4.52,1
U1960,51,Turismo,Sierra,321.35,19,7,5,3.69,1
U1961,53,Turismo,Sierra,502.58,12,13,2,4.61,1
U1962,19,Pareja,Costa,216.85,2,5,4,3.23,1
U1963,32,Turismo,Costa,205.43,10,5,3,3.87,1
U1964,51,Turismo,Costa,241.73,12,3,1,4.19,1
U1965,53,Negocios,Costa,387.62,14,11,1,4.09,1
U1966,23,Turismo,Costa,165.03,18,5,3,3.82,1
U1967,56,Turismo,Costa,304.05,19,9,1,4.08,1
U1968,59,Negocios,Costa,451.98,6,14,3,5.0,1
U1969,29,Negocios,Costa,386.7,5,11,7,4.35,1
U1970,20,Turismo,Costa,221.15,16,3,2,4.25,1
U1971,62,Familiar,Costa,307.18,14,10,4,4.44,1
U1972,35,Turismo,Sierra,187.89,13,2,2,3.71,0
U1973,57,Negocios,Costa,508.42,2,14,2,4.99,1
U1974,38,Turismo,Selva,72.28,2,3,2,3.25,0
U1975,32,Negocios,Costa,202.54,12,3,1,3.52,1
U1976,50,Turismo,Costa,333.53,1,12,2,4.56,0
U1977,52,Negocios,Costa,459.46,19,14,4,4.69,1
U1978,43,Negocios,Costa,230.29,16,7,2,3.8,1
U1979,25,Negocios,Selva,334.46,7,8,2,4.51,0
U1980,53,Turismo,Costa,542.4,7,14,0,5.0,0
U1981,47,Negocios,Selva,189.9,16,4,1,3.77,1
U1982,40,Turismo,Selva,374.91,6,12,3,4.23,0
U1983,59,Turismo,Sierra,348.7,18,10,4,4.14,1
U1984,61,Turismo,Sierra,299.25,1,6,3,3.82,0
U1985,31,Turismo,Sierra,232.36,1,6,4,3.87,0
U1986,31,Familiar,Costa,397.62,14,12,3,5.0,1
U1987,19,Negocios,Sierra,405.37,6,13,7,4.45,1
U1988,54,Turismo,Costa,237.77,6,5,1,3.69,0
U1989,22,Negocios,Costa,388.71,4,10,3,4.71,1
U1990,55,Negocios,Costa,377.53,12,9,0,4.42,1
U1991,62,Turismo,Sierra,365.01,18,13,3,3.95,1
U1992,58,Turismo,Selva,277.42,10,5,4,3.16,1
U1993,64,Familiar,Costa,418.38,3,5,2,4.68,1
U1994,31,Turismo,Selva,293.87,3,3,1,3.49,0
U1995,56,Pareja,Costa,340.1,8,10,3,4.51,1
U1996,42,Negocios,Costa,245.47,1,4,5,3.66,1
U1997,37,Negocios,Costa,259.42,18,5,6,4.01,1
U1998,19,Negocios,Costa,350.73,15,8,4,4.19,1
U1999,56,Negocios,Costa,373.3,17,11,0,5.0,1
U2000,23,Turismo,Sierra,336.51,11,9,4,4.41,1
U2001,34,Turismo,Selva,313.43,13,9,2,4.48,1
U2002,42,Negocios,Costa,315.87,10,5,2,4.09,1
U2003,45,Pareja,Costa,343.3,13,8,2,4.53,1
U2004,19,Familiar,Selva,410.34,17,11,3,4.7,1
U2005,52,Turismo,Sierra,255.36,1,2,3,4.05,0
U2006,54,Negocios,Costa,367.19,16,7,4,4.26,1
U2007,22,Negocios,Costa,357.76,16,7,1,3.85,1
U2008,18,Negocios,Selva,365.69,3,7,1,3.48,0
U2009,57,Negocios,Sierra,516.98,2,13,2,5.0,1
U2010,29,Turismo,Costa,168.33,6,3,3,3.83,1
U2011,53,Negocios,Costa,335.04,11,9,3,4.48,1
U2012,62,Turismo,Selva,318.76,3,6,5,4.38,1
U2013,40,Pareja,Costa,239.04,1,6,3,3.48,0
U2014,64,Turismo,Selva,198.49,11,3,0,3.44,1
U2015,48,Pareja,Costa,270.82,13,5,5,3.92,1
U2016,28,Negocios,Sierra,427.34,5,13,1,4.73,1
U2017,27,Turismo,Costa,375.49,18,10,2,4.24,1
U2018,20,Turismo,Costa,314.92,15,10,5,3.97,1
U2019,31,Negocios,Selva,303.65,18,7,4,3.59,1
U2020,33,Negocios,Costa,423.33,15,12,1,4.99,1
U2021,27,Turismo,Sierra,452.94,7,10,4,4.18,1
U2022,46,Turismo,Costa,247.66,17,5,10,3.78,1
U2023,27,Turismo,Costa,384.12,8,12,3,4.76,1
U2024,29,Turismo,Costa,230.09,13,2,3,3.55,1
U2025,47,Turismo,Sierra,57.92,16,3,7,2.75,1
U2026,58,Negocios,Costa,445.2,10,14,4,4.32,1
U2027,18,Turismo,Costa,168.75,14,2,2,3.62,0
U2028,22,Negocios,Costa,363.02,6,9,5,4.53,1
U2029,37,Negocios,Sierra,434.5,7,10,3,4.31,1
U2030,25,Pareja,Sierra,471.97,6,11,2,4.62,1
U2031,60,Turismo,Costa,451.2,17,13,5,4.27,1
U2032,29,Familiar,Costa,227.95,8,7,3,3.84,1
U2033,18,Turismo,Selva,190.95,12,3,5,4.21,1
U2034,37,Turismo,Costa,285.31,4,7,4,4.49,0
U2035,45,Negocios,Selva,390.55,10,10,2,4.51,1
U2036,60,Negocios,Selva,441.66,6,13,3,4.34,1
U2037,54,Negocios,Sierra,204.46,7,4,2,3.54,0
U2038,64,Familiar,Costa,309.61,8,10,4,4.62,1
U2039,54,Turismo,Selva,173.23,3,3,3,3.89,1
U2040,29,Turismo,Sierra,371.36,8,12,2,4.46,1
U2041,54,Turismo,Sierra,364.39,15,6,3,4.19,1
U2042,61,Pareja,Costa,378.15,1,12,2,4.51,0
U2043,45,Negocios,Costa,219.66,13,3,3,4.03,1
U2044,64,Turismo,Costa,376.18,18,8,2,4.44,1
U2045,32,Turismo,Sierra,426.37,15,12,3,4.47,1
U2046,23,Familiar,Sierra,340.11,7,11,4,4.31,1
U2047,61,Pareja,Costa,421.45,15,10,2,4.51,1
U2048,37,Negocios,Costa,345.46,3,8,0,3.97,0
U2049,31,Familiar,Costa,329.57,14,13,0,4.8,1
U2050,19,Familiar,Sierra,345.6,4,6,1,4.32,1
U2051,26,Negocios,Selva,304.76,4,5,2,3.14,0
U2052,54,Turismo,Costa,455.77,3,13,1,4.69,1
U2053,37,Turismo,Costa,342.83,5,5,1,3.78,0
U2054,43,Pareja,Costa,436.93,11,11,4,4.77,1
U2055,46,Negocios,Sierra,406.37,8,9,0,4.45,1
U2056,18,Familiar,Sierra,446.23,2,11,3,4.61,1
U2057,52,Turismo,Selva,498.92,16,14,3,4.86,1
U2058,23,Familiar,Costa,304.87,10,11,1,4.84,1
U2059,54,Turismo,Selva,310.84,18,11,2,4.1,1
U2060,22,Turismo,Costa,436.95,7,11,2,5.0,1
U2061,50,Familiar,Sierra,455.99,5,11,0,4.54,0
U2062,31,Familiar,Costa,159.18,7,2,3,4.36,1
U2063,29,Familiar,Selva,227.63,6,6,3,3.99,1
U2064,59,Negocios,Sierra,229.79,1,3,3,3.36,0
U2065,37,Turismo,Sierra,388.47,11,14,3,4.37,1
U2066,41,Negocios,Selva,408.18,13,12,1,4.09,1
U2067,60,Turismo,Costa,354.44,12,10,3,4.64,1
U2068,51,Turismo,Costa,316.53,1,8,4,3.75,1
U2069,42,Turismo,Selva,488.63,15,11,2,4.94,1
U2070,46,Turismo,Costa,318.27,1,9,2,4.01,1
U2071,56,Pareja,Costa,308.2,3,7,7,4.42,1
U2072,48,Negocios,Costa,306.58,15,10,1,4.32,1
U2073,64,Turismo,Sierra,352.55,9,7,10,4.14,1
U2074,60,Turismo,Costa,318.77,14,8,1,4.06,1
U2075,40,Negocios,Costa,386.67,8,8,0,4.48,1
U2076,61,Negocios,Costa,249.34,4,10,3,4.24,0
U2077,55,Pareja,Costa,413.72,6,12,3,4.19,1
U2078,37,Familiar,Selva,356.58,1,9,3,4.17,1
U2079,40,Pareja,Selva,506.64,18,14,3,4.55,1
U2080,62,Pareja,Sierra,162.34,6,2,4,3.2,0
U2081,33,Negocios,Costa,300.44,14,5,1,4.43,1
U2082,59,Turismo,Selva,301.38,11,8,3,4.0,1
U2083,25,Turismo,Sierra,421.32,17,12,5,4.21,1
U2084,38,Turismo,Costa,396.07,9,9,2,4.29,0
U2085,18,Turismo,Selva,281.26,7,8,3,3.81,1
U2086,25,Turismo,Sierra,475.88,14,13,2,4.52,1
U2087,46,Turismo,Sierra,255.62,17,4,1,3.39,1
U2088,49,Turismo,Sierra,244.41,8,5,2,3.49,1
U2089,55,Negocios,Costa,405.44,16,13,5,4.89,1
U2090,22,Turismo,Costa,222.71,12,8,3,4.1,1
U2091,64,Turismo,Sierra,345.96,12,9,1,4.1,0
U2092,39,Turismo,Costa,311.15,5,8,1,4.22,0
U2093,64,Negocios,Costa,337.49,5,7,5,4.21,1
U2094,51,Familiar,Sierra,399.09,14,10,2,4.54,1
U2095,18,Negocios,Sierra,425.7,6,10,3,4.51,1
U2096,43,Turismo,Costa,471.97,7,12,5,4.88,1
U2097,60,Familiar,Sierra,618.84,17,14,0,4.77,1
U2098,27,Turismo,Selva,353.44,9,8,5,4.07,1
U2099,47,Turismo,Sierra,306.95,13,9,3,3.61,1
U2100,35,Turismo,Costa,346.84,9,7,1,4.43,1
U2101,34,Turismo,Costa,274.73,16,2,2,4.08,1
U2102,43,Familiar,Costa,218.18,4,2,3,3.85,1
U2103,25,Familiar,Costa,199.32,2,7,4,4.21,0
U2104,64,Turismo,Costa,244.43,13,3,4,3.21,1
U2105,57,Turismo,Costa,318.48,13,9,3,4.58,1
U2106,29,Negocios,Costa,128.34,19,2,2,3.77,1
U2107,44,Turismo,Selva,470.4,12,14,1,4.99,1
U2108,25,Turismo,Costa,140.37,4,3,6,4.08,1
U2109,42,Turismo,Sierra,401.13,10,9,5,3.89,1
U2110,63,Turismo,Sierra,475.39,16,13,0,4.87,1
U2111,21,Turismo,Costa,301.2,19,7,1,4.6,1
U2112,50,Negocios,Selva,411.34,8,13,3,4.02,1
U2113,18,Turismo,Sierra,385.21,6,11,5,4.27,1
U2114,36,Turismo,Costa,166.11,4,3,1,3.57,0
U2115,48,Familiar,Sierra,212.81,7,3,3,4.13,1
U2116,33,Negocios,Costa,274.41,14,12,5,3.63,1
U2117,31,Turismo,Sierra,332.19,13,8,1,4.61,1
U2118,22,Pareja,Costa,289.03,5,6,3,4.04,0
U2119,58,Negocios,Selva,325.57,9,6,2,4.23,1
U2120,43,Turismo,Costa,364.96,3,9,5,4.36,1
U2121,45,Negocios,Sierra,487.72,10,13,4,4.77,1
U2122,19,Turismo,Costa,466.2,15,13,1,4.09,1
U2123,23,Turismo,Sierra,379.58,17,8,6,4.04,1
U2124,26,Turismo,Sierra,569.92,6,13,2,5.0,1
U2125,50,Turismo,Costa,393.19,3,10,2,4.57,1
U2126,58,Familiar,Sierra,270.3,18,5,4,3.6,1
U2127,42,Negocios,Costa,453.76,5,11,1,4.68,1
U2128,30,Negocios,Selva,237.68,13,5,3,3.48,1
U2129,26,Familiar,Costa,210.7,1,3,3,3.8,0
U2130,30,Turismo,Selva,259.93,17,4,3,3.26,1
U2131,48,Familiar,Selva,198.06,3,2,3,3.98,0
U2132,58,Turismo,Costa,197.83,19,2,4,4.03,1
U2133,28,Familiar,Costa,372.74,12,8,4,5.0,1
U2134,21,Turismo,Costa,198.51,8,6,3,3.45,0
U2135,51,Familiar,Selva,340.55,8,4,3,4.41,1
U2136,55,Pareja,Costa,352.05,15,8,4,4.55,1
U2137,63,Turismo,Sierra,196.64,11,3,3,3.37,1
U2138,21,Negocios,Selva,320.28,1,4,2,3.57,0
U2139,55,Turismo,Costa,199.61,16,2,3,3.37,1
U2140,36,Negocios,Sierra,356.47,14,9,3,4.0,1
U2141,23,Negocios,Costa,205.92,7,3,2,3.82,1
U2142,51,Turismo,Costa,401.14,6,8,3,4.81,1
U2143,35,Turismo,Sierra,416.16,4,12,3,4.76,1
U2144,30,Turismo,Costa,344.27,8,10,4,3.9,1
U2145,58,Turismo,Costa,355.47,19,7,7,4.02,1
U2146,40,Turismo,Selva,275.81,3,3,3,4.09,1
U2147,36,Negocios,Costa,296.99,4,3,4,3.72,1
U2148,62,Negocios,Selva,403.87,13,10,3,4.29,1
U2149,28,Negocios,Selva,451.72,2,11,4,3.94,1
U2150,18,Turismo,Costa,337.01,11,9,4,4.67,1
U2151,41,Negocios,Costa,423.48,16,10,2,3.97,1
U2152,24,Turismo,Sierra,298.22,10,5,3,3.35,1
U2153,42,Turismo,Costa,287.62,15,5,3,4.34,1
U2154,38,Familiar,Costa,138.8,10,3,1,4.5,1
U2155,32,Negocios,Sierra,375.0,2,11,1,4.21,0
U2156,18,Turismo,Costa,192.15,6,2,2,3.67,1
U2157,29,Turismo,Selva,420.99,14,11,2,4.66,1
U2158,24,Familiar,Costa,581.1,2,14,4,5.0,1
U2159,32,Pareja,Costa,304.06,10,5,2,3.95,1
U2160,38,Negocios,Costa,353.91,17,11,2,4.31,1
U2161,36,Negocios,Selva,370.4,8,11,3,3.82,1
U2162,46,Familiar,Sierra,486.12,16,12,2,4.94,1
U2163,42,Turismo,Selva,323.76,14,9,1,4.07,1
U2164,50,Turismo,Costa,267.59,10,3,3,3.75,0
U2165,49,Turismo,Costa,466.93,13,14,2,4.53,1
U2166,52,Turismo,Costa,430.53,1,13,2,4.44,1
U2167,61,Pareja,Costa,391.18,10,12,2,4.77,1
U2168,55,Pareja,Sierra,197.65,12,9,5,4.11,1
U2169,43,Familiar,Sierra,221.43,17,2,2,3.74,1
U2170,28,Turismo,Costa,141.83,14,2,2,3.45,1
U2171,52,Familiar,Selva,190.18,5,5,3,3.67,1
U2172,25,Negocios,Costa,340.14,19,8,3,4.56,1
U2173,63,Negocios,Selva,423.67,5,10,4,4.36,1
U2174,31,Familiar,Costa,198.47,15,6,3,4.31,1
U2175,27,Turismo,Costa,266.83,13,3,4,3.99,1
U2176,19,Negocios,Costa,393.69,17,13,3,4.55,1
U2177,63,Negocios,Costa,360.2,1,8,1,3.97,1
U2178,26,Familiar,Sierra,445.58,14,12,3,4.49,1
U2179,20,Turismo,Costa,206.33,4,3,3,4.1,0
U2180,38,Turismo,Costa,373.68,9,10,1,4.23,0
U2181,43,Negocios,Sierra,352.38,17,10,3,4.08,1
U2182,25,Familiar,Sierra,252.05,3,4,2,3.66,0
U2183,19,Familiar,Selva,473.8,13,14,0,4.58,1
U2184,23,Turismo,Costa,303.78,12,9,0,4.03,0
U2185,45,Turismo,Sierra,348.74,16,12,2,4.8,1
U2186,46,Negocios,Sierra,311.51,4,5,4,4.07,1
U2187,43,Pareja,Costa,249.08,18,4,2,3.74,1
U2188,42,Turismo,Costa,237.93,3,2,4,4.1,1
U2189,29,Pareja,Costa,249.79,17,6,1,3.95,1
U2190,22,Turismo,Costa,419.85,1,14,3,5.0,1
U2191,51,Familiar,Costa,366.04,19,12,3,5.0,1
U2192,54,Familiar,Costa,252.06,4,5,0,4.56,0
U2193,32,Turismo,Sierra,206.06,17,2,1,3.54,1
U2194,61,Pareja,Sierra,367.22,7,11,4,4.49,1
U2195,53,Turismo,Selva,428.21,2,9,3,4.31,1
U2196,32,Negocios,Sierra,317.86,12,9,1,3.53,1
U2197,60,Turismo,Costa,473.51,5,14,1,4.65,1
U2198,40,Familiar,Selva,305.82,16,9,4,4.08,1
U2199,23,Turismo,Selva,205.22,8,4,3,3.41,1
U2200,63,Negocios,Costa,301.22,8,7,6,4.69,1
U2201,61,Turismo,Sierra,397.22,13,13,5,4.78,1
U2202,60,Turismo,Selva,443.32,14,13,3,4.67,1
U2203,62,Turismo,Sierra,349.77,11,8,3,4.34,1
U2204,38,Turismo,Selva,426.86,6,10,2,3.79,0
U2205,40,Familiar,Costa,229.32,16,6,2,4.48,1
U2206,60,Negocios,Costa,380.58,15,10,1,4.74,1
U2207,33,Turismo,Costa,302.44,16,7,0,3.48,1
U2208,64,Turismo,Sierra,302.0,13,11,6,4.38,1
U2209,32,Negocios,Selva,337.97,12,11,1,3.8,1
U2210,42,Familiar,Selva,418.16,18,11,4,4.1,1
U2211,53,Pareja,Costa,193.46,18,5,4,4.23,1
U2212,28,Turismo,Costa,457.4,14,14,1,4.51,1
U2213,32,Familiar,Selva,88.32,2,2,5,3.36,1
U2214,21,Familiar,Sierra,189.29,2,2,2,4.08,1
U2215,38,Familiar,Costa,291.73,3,11,4,4.54,1
U2216,30,Negocios,Costa,253.09,8,6,1,3.95,1
U2217,39,Pareja,Sierra,439.18,11,14,3,4.52,1
U2218,36,Turismo,Sierra,245.03,12,4,8,3.79,1
U2219,51,Turismo,Costa,270.69,4,6,4,3.97,1
U2220,31,Negocios,Costa,221.52,9,6,0,3.98,0
U2221,21,Turismo,Selva,133.58,17,2,4,3.22,1
U2222,63,Negocios,Sierra,269.27,16,9,6,4.09,1
U2223,44,Negocios,Costa,293.64,17,6,2,4.18,1
U2224,46,Turismo,Costa,291.43,15,6,4,4.65,1
U2225,64,Familiar,Sierra,405.66,7,10,1,4.5,0
U2226,45,Familiar,Costa,324.97,10,9,1,4.54,1
U2227,52,Turismo,Costa,374.35,4,14,2,4.72,1
U2228,25,Familiar,Sierra,178.64,14,2,2,4.05,1
U2229,33,Familiar,Costa,239.43,14,4,4,3.85,1
U2230,59,Familiar,Sierra,380.61,14,13,3,4.74,1
U2231,53,Negocios,Costa,274.26,14,8,1,3.4,0
U2232,47,Turismo,Sierra,216.98,18,2,5,3.45,1
U2233,35,Pareja,Costa,199.47,15,2,6,4.02,1
U2234,19,Turismo,Costa,339.96,19,6,3,3.96,1
U2235,30,Turismo,Costa,458.3,13,10,3,4.67,1
U2236,21,Turismo,Selva,230.39,12,7,3,3.65,1
U2237,43,Turismo,Selva,373.47,19,11,5,4.04,1
U2238,42,Turismo,Costa,222.84,19,3,2,4.09,1
U2239,47,Negocios,Sierra,434.81,2,12,3,4.16,1
U2240,28,Turismo,Sierra,422.99,3,10,4,4.43,1
U2241,24,Familiar,Selva,341.97,10,7,3,4.43,1
U2242,48,Familiar,Costa,340.24,5,6,3,4.22,1
U2243,61,Negocios,Sierra,286.38,12,6,3,3.92,1
U2244,27,Pareja,Costa,407.42,7,13,0,4.38,1
U2245,56,Turismo,Costa,336.37,9,4,0,4.23,0
U2246,30,Turismo,Selva,313.2,2,7,3,3.58,0
U2247,48,Familiar,Sierra,448.98,10,14,6,4.8,1
U2248,24,Familiar,Costa,207.48,6,5,6,4.09,1
U2249,59,Pareja,Costa,469.04,12,14,2,5.0,1
U2250,59,Turismo,Sierra,489.07,6,13,5,4.67,1
U2251,53,Familiar,Sierra,369.39,3,11,2,4.88,1
U2252,37,Negocios,Costa,209.99,10,3,3,3.94,1
U2253,21,Familiar,Selva,473.53,9,14,0,5.0,1
U2254,24,Familiar,Costa,262.49,5,4,2,4.13,0
U2255,18,Turismo,Costa,359.2,3,10,4,4.72,1
U2256,61,Turismo,Selva,396.95,5,12,3,4.29,1
U2257,62,Familiar,Costa,391.09,8,12,6,4.36,1
U2258,59,Negocios,Costa,316.86,8,10,4,4.27,1
U2259,64,Negocios,Sierra,267.02,14,7,4,4.02,1
U2260,30,Familiar,Selva,354.56,17,11,5,4.08,1
U2261,39,Turismo,Costa,317.3,11,11,5,4.12,1
U2262,38,Familiar,Selva,421.84,16,10,0,4.27,1
U2263,39,Turismo,Sierra,279.07,6,5,4,4.04,1
U2264,45,Negocios,Costa,423.74,11,12,2,5.0,1
U2265,26,Familiar,Sierra,348.54,10,6,3,4.23,1
U2266,43,Turismo,Costa,430.3,9,11,5,4.77,1
U2267,26,Negocios,Costa,266.05,15,7,2,4.23,1
U2268,32,Familiar,Sierra,519.74,7,14,3,5.0,1
U2269,27,Turismo,Selva,420.8,18,10,2,4.15,1
U2270,41,Turismo,Costa,405.17,1,14,6,4.64,1
U2271,59,Turismo,Costa,328.45,15,6,1,4.05,0
U2272,25,Familiar,Costa,326.61,2,9,2,4.63,1
U2273,41,Familiar,Costa,466.49,2,12,3,5.0,1
U2274,33,Familiar,Costa,177.54,10,2,4,3.96,1
U2275,43,Negocios,Costa,256.65,15,6,1,3.76,1
U2276,44,Familiar,Sierra,372.9,10,11,2,4.25,1
U2277,54,Turismo,Costa,145.83,19,2,2,3.97,1
U2278,21,Turismo,Costa,320.39,13,11,2,4.13,1
U2279,41,Turismo,Selva,180.58,11,7,3,3.91,1
U2280,36,Familiar,Selva,275.02,2,8,3,4.05,0
U2281,53,Familiar,Costa,570.38,13,13,0,4.91,1
U2282,56,Negocios,Costa,307.23,1,6,5,4.3,1
U2283,27,Turismo,Sierra,287.65,5,2,4,3.49,1
U2284,42,Familiar,Costa,289.62,7,7,4,4.56,1
U2285,35,Negocios,Costa,370.99,13,11,0,4.64,1
U2286,36,Pareja,Sierra,369.14,13,6,3,4.2,1
U2287,53,Turismo,Costa,324.32,6,7,4,4.12,0
U2288,27,Turismo,Costa,368.87,12,12,2,4.74,1
U2289,50,Turismo,Costa,426.06,8,11,1,4.33,1
U2290,22,Negocios,Costa,390.3,9,8,2,3.64,1
U2291,64,Pareja,Costa,256.36,18,8,4,4.32,1
U2292,52,Turismo,Selva,239.89,11,3,3,3.68,0
U2293,61,Familiar,Costa,370.76,11,13,2,4.71,1
U2294,51,Turismo,Costa,298.71,15,4,2,3.56,1
U2295,50,Negocios,Costa,450.38,9,13,3,4.14,1
U2296,38,Negocios,Selva,337.02,3,7,2,4.04,0
U2297,34,Turismo,Sierra,228.0,17,4,3,4.15,1
U2298,39,Pareja,Costa,127.58,17,3,1,3.56,1
U2299,54,Turismo,Selva,239.02,3,5,5,3.62,0
U2300,32,Turismo,Costa,329.81,19,6,1,4.15,1
U2301,52,Turismo,Costa,516.31,9,12,3,5.0,1
U2302,45,Turismo,Costa,408.52,17,11,3,4.79,1
U2303,24,Turismo,Costa,337.87,18,10,2,4.1,1
U2304,49,Familiar,Costa,265.66,15,4,2,4.24,1
U2305,28,Turismo,Sierra,280.87,1,4,3,3.86,0
U2306,27,Turismo,Costa,312.17,10,7,4,3.86,1
U2307,26,Negocios,Sierra,286.88,8,6,3,4.1,1
U2308,31,Pareja,Costa,316.21,10,7,0,3.94,1
U2309,30,Negocios,Costa,329.93,2,8,2,3.81,0
U2310,42,Negocios,Costa,431.52,19,12,1,4.69,1
U2311,19,Turismo,Selva,330.25,14,4,1,3.84,0
U2312,52,Turismo,Costa,359.4,8,14,3,4.62,1
U2313,24,Turismo,Sierra,271.39,19,6,2,3.61,1
U2314,38,Turismo,Costa,303.35,1,9,2,4.07,0
U2315,35,Familiar,Costa,320.14,16,5,3,4.73,1
U2316,20,Negocios,Costa,387.37,15,11,2,4.66,1
U2317,59,Familiar,Costa,244.64,5,3,3,3.85,1
U2318,56,Turismo,Costa,332.46,3,5,3,3.53,1
U2319,58,Turismo,Costa,162.61,17,3,2,3.4,1
U2320,28,Turismo,Sierra,212.5,10,4,4,3.67,1
U2321,56,Turismo,Costa,327.3,5,5,2,3.92,0
U2322,41,Familiar,Sierra,205.04,11,5,3,3.75,1
U2323,63,Turismo,Costa,369.72,6,11,2,4.31,0
U2324,36,Turismo,Sierra,292.17,4,10,2,4.06,0
U2325,21,Turismo,Sierra,462.58,7,11,2,4.71,1
U2326,43,Pareja,Costa,276.47,19,7,3,4.1,1
U2327,55,Turismo,Costa,389.75,7,10,3,4.5,1
U2328,59,Pareja,Sierra,294.89,14,5,3,3.77,1
U2329,49,Turismo,Selva,332.03,17,10,2,4.01,1
U2330,56,Negocios,Costa,321.43,17,12,3,4.71,1
U2331,62,Negocios,Costa,450.09,13,14,1,5.0,1
U2332,63,Turismo,Selva,360.4,1,10,4,4.83,1
U2333,53,Negocios,Costa,302.51,2,7,4,4.34,1
U2334,57,Negocios,Sierra,280.57,18,6,2,3.71,1
U2335,54,Pareja,Costa,213.94,4,4,1,3.56,0
U2336,50,Familiar,Costa,256.44,13,6,3,4.6,1
U2337,53,Familiar,Sierra,253.76,1,4,3,3.76,1
U2338,20,Negocios,Sierra,242.12,4,6,2,4.03,1
U2339,26,Negocios,Costa,278.55,2,6,4,3.83,0
U2340,25,Negocios,Costa,188.51,4,3,4,3.83,1
U2341,50,Familiar,Sierra,386.97,16,10,2,4.26,1
U2342,23,Pareja,Sierra,383.18,4,8,4,4.4,1
U2343,58,Turismo,Costa,363.0,9,7,3,3.91,0
U2344,56,Negocios,Sierra,347.78,17,6,1,4.08,1
U2345,21,Turismo,Sierra,244.39,2,5,4,3.68,0
U2346,30,Turismo,Sierra,337.47,3,9,0,4.16,0
U2347,19,Turismo,Sierra,153.21,15,3,5,3.34,1
U2348,22,Turismo,Costa,332.84,7,9,1,4.19,1
U2349,61,Familiar,Sierra,179.1,4,2,4,3.8,1
U2350,44,Negocios,Sierra,363.55,12,11,2,3.98,1
U2351,49,Negocios,Costa,163.35,1,2,1,3.32,0
U2352,38,Pareja,Costa,153.99,17,4,5,3.6,1
U2353,25,Negocios,Costa,216.22,4,6,3,3.81,1
U2354,55,Negocios,Sierra,307.76,4,7,2,3.66,0
U2355,25,Negocios,Costa,265.2,9,5,2,4.26,1
U2356,20,Negocios,Sierra,351.91,10,8,7,4.0,1
U2357,61,Turismo,Selva,314.81,19,8,4,3.96,1
U2358,20,Familiar,Sierra,217.24,19,3,2,3.49,1
U2359,39,Turismo,Selva,279.18,15,3,0,4.33,1
U2360,23,Turismo,Selva,214.01,17,3,2,4.31,1
U2361,19,Turismo,Costa,185.05,7,3,1,3.49,1
U2362,40,Turismo,Sierra,401.52,3,14,2,4.87,1
U2363,61,Familiar,Costa,412.07,5,10,3,4.8,1
U2364,19,Familiar,Selva,198.15,16,6,3,4.48,1
U2365,55,Negocios,Costa,374.71,7,12,3,4.65,1
U2366,34,Familiar,Selva,370.9,16,9,4,4.52,1
U2367,52,Turismo,Sierra,187.99,9,6,1,2.93,1
U2368,51,Pareja,Sierra,430.35,1,14,4,4.3,1
U2369,40,Turismo,Costa,423.09,3,12,4,4.65,1
U2370,47,Pareja,Costa,264.15,8,6,2,4.09,0
U2371,25,Familiar,Sierra,145.3,18,2,4,3.33,1
U2372,39,Negocios,Costa,275.86,18,7,6,3.88,1
U2373,61,Turismo,Selva,301.94,19,5,6,4.02,1
U2374,53,Pareja,Costa,330.45,7,4,2,3.65,0
U2375,22,Familiar,Sierra,312.51,6,7,2,4.32,0
U2376,30,Negocios,Costa,117.24,11,3,0,3.96,1
U2377,46,Familiar,Sierra,378.38,5,9,3,4.62,1
U2378,48,Turismo,Sierra,174.62,12,2,1,3.55,0
U2379,64,Negocios,Costa,384.08,1,13,5,4.01,1
U2380,33,Turismo,Costa,332.18,19,10,5,4.12,1
U2381,59,Negocios,Costa,312.08,11,9,3,4.89,1
U2382,47,Familiar,Sierra,123.9,15,2,2,3.47,1
U2383,33,Turismo,Sierra,391.26,16,11,3,4.71,1
U2384,29,Familiar,Sierra,530.26,3,13,4,4.83,1
U2385,34,Negocios,Sierra,317.23,11,10,2,4.05,1
U2386,33,Turismo,Costa,306.52,11,3,3,4.12,1
U2387,29,Negocios,Costa,249.28,10,4,2,3.93,1
U2388,25,Negocios,Costa,212.01,2,3,2,3.89,0
U2389,37,Negocios,Costa,444.97,5,14,1,4.54,0
U2390,20,Negocios,Selva,309.66,8,9,1,3.73,1
U2391,33,Turismo,Selva,231.25,13,3,5,3.35,1
U2392,47,Turismo,Costa,420.51,15,11,2,4.43,1
U2393,62,Turismo,Sierra,95.4,2,3,5,3.27,1
U2394,40,Turismo,Selva,321.59,12,2,2,4.05,0
U2395,45,Familiar,Costa,237.2,8,8,1,4.4,0
U2396,57,Pareja,Costa,412.73,19,13,5,4.82,1
U2397,22,Turismo,Costa,88.74,1,3,4,3.57,0
U2398,37,Turismo,Sierra,381.01,8,11,3,3.98,1
U2399,57,Negocios,Selva,260.24,10,6,1,3.83,1
U2400,61,Pareja,Sierra,257.73,13,6,6,3.85,1
U2401,18,Negocios,Costa,254.09,5,4,2,4.14,1
U2402,47,Turismo,Costa,226.69,9,4,3,3.53,1
U2403,38,Turismo,Sierra,487.99,10,14,0,4.06,1
U2404,37,Turismo,Selva,376.98,14,13,3,4.46,1
U2405,23,Negocios,Sierra,242.75,11,4,4,3.79,1
U2406,39,Familiar,Sierra,273.95,14,7,4,4.14,1
U2407,35,Negocios,Costa,242.58,3,5,4,3.94,0
U2408,25,Turismo,Selva,474.59,16,14,0,4.91,1
U2409,56,Negocios,Sierra,213.66,17,4,4,3.49,1
U2410,49,Negocios,Costa,211.4,5,3,5,3.69,1
U2411,50,Pareja,Sierra,403.36,7,14,3,4.53,1
U2412,33,Negocios,Costa,293.65,17,4,2,3.62,1
U2413,29,Familiar,Costa,297.52,11,5,3,4.3,1
U2414,55,Turismo,Costa,310.53,12,7,5,4.15,1
U2415,51,Negocios,Costa,248.96,2,5,0,4.44,1
U2416,31,Pareja,Costa,344.75,19,9,4,4.25,1
U2417,53,Negocios,Costa,292.58,5,4,1,4.05,1
U2418,50,Familiar,Sierra,471.73,11,13,6,5.0,1
U2419,40,Negocios,Costa,293.42,19,4,3,3.74,1
U2420,62,Familiar,Costa,221.78,7,4,4,4.56,1
U2421,19,Negocios,Costa,374.14,6,9,1,4.93,1
U2422,58,Turismo,Sierra,320.53,11,5,4,3.88,1
U2423,38,Familiar,Costa,148.13,14,2,6,3.73,1
U2424,19,Pareja,Costa,167.21,4,3,2,4.17,1
U2425,44,Pareja,Selva,474.83,8,14,6,4.89,1
U2426,26,Familiar,Sierra,332.66,9,11,4,4.54,1
U2427,18,Familiar,Selva,370.28,2,14,4,5.0,1
U2428,28,Negocios,Costa,519.8,11,14,3,5.0,1
U2429,20,Turismo,Costa,284.1,7,3,3,3.82,1
U2430,40,Turismo,Sierra,179.88,4,4,2,3.63,1
U2431,43,Turismo,Costa,233.93,14,7,3,4.19,1
U2432,21,Turismo,Costa,317.31,1,9,3,4.29,1
U2433,35,Turismo,Costa,501.49,12,13,3,4.44,1
U2434,23,Negocios,Selva,173.9,19,2,2,3.17,1
U2435,52,Turismo,Costa,376.93,5,10,2,4.05,1
U2436,39,Negocios,Selva,210.68,8,2,5,3.67,1
U2437,60,Turismo,Selva,403.1,11,11,1,4.0,1
U2438,32,Turismo,Costa,291.36,4,3,2,3.99,0
U2439,39,Familiar,Sierra,202.88,15,4,6,4.46,1
U2440,54,Familiar,Sierra,322.64,12,8,4,4.77,1
U2441,59,Turismo,Selva,383.81,10,10,1,3.72,1
U2442,29,Negocios,Costa,236.43,16,4,3,3.49,1
U2443,64,Turismo,Sierra,289.02,8,9,3,3.8,1
U2444,59,Negocios,Costa,298.56,8,10,2,3.95,1
U2445,55,Turismo,Selva,319.74,6,11,1,3.69,0
U2446,35,Turismo,Costa,364.07,3,8,4,4.32,1
U2447,62,Negocios,Costa,220.08,8,5,5,4.1,1
U2448,52,Turismo,Sierra,284.56,10,5,2,4.11,1
U2449,47,Pareja,Selva,265.43,5,5,1,3.64,0
U2450,41,Pareja,Sierra,256.79,11,7,4,3.78,1
U2451,59,Turismo,Costa,213.6,4,5,3,3.98,1
U2452,47,Negocios,Costa,290.02,17,6,5,4.05,1
U2453,31,Negocios,Selva,376.08,3,10,2,4.5,0
U2454,23,Turismo,Sierra,463.45,18,13,1,4.71,1
U2455,20,Pareja,Selva,304.88,8,8,2,3.9,1
U2456,33,Negocios,Costa,307.64,12,9,1,3.71,1
U2457,24,Familiar,Costa,288.81,16,6,7,4.83,1
U2458,31,Negocios,Sierra,354.31,14,6,2,3.8,1
U2459,26,Pareja,Selva,367.23,16,14,6,4.54,1
U2460,32,Turismo,Costa,376.68,4,12,3,3.98,0
U2461,38,Familiar,Selva,357.28,1,8,1,4.41,1
U2462,52,Turismo,Sierra,427.45,1,12,4,4.48,0
U2463,19,Turismo,Costa,491.32,15,14,7,4.93,1
U2464,44,Negocios,Costa,417.37,3,13,0,5.0,0
U2465,19,Negocios,Costa,269.38,14,9,5,4.0,1
U2466,52,Pareja,Sierra,455.77,9,10,3,4.66,1
U2467,35,Pareja,Costa,270.85,19,3,5,4.05,1
U2468,31,Familiar,Costa,237.67,8,4,3,3.97,1
U2469,37,Turismo,Selva,396.77,2,13,2,4.69,1
U2470,35,Familiar,Costa,414.32,4,13,3,4.93,1
U2471,27,Negocios,Costa,228.11,1,3,2,4.07,1
U2472,42,Turismo,Costa,381.83,11,11,5,5.0,1
U2473,19,Turismo,Sierra,327.03,5,8,3,4.1,1
U2474,42,Turismo,Sierra,519.36,2,13,4,4.6,0
U2475,50,Turismo,Costa,262.84,13,3,2,4.19,1
U2476,53,Negocios,Sierra,380.31,17,13,1,4.83,1
U2477,48,Turismo,Sierra,220.5,17,3,5,3.33,1
U2478,31,Familiar,Costa,190.64,18,3,4,3.9,1
U2479,18,Turismo,Costa,453.75,9,13,5,4.96,1
U2480,63,Negocios,Costa,457.9,6,14,5,4.78,1
U2481,33,Negocios,Costa,409.48,3,5,3,3.98,0
U2482,63,Negocios,Sierra,215.9,8,2,5,3.69,1
U2483,20,Turismo,Sierra,209.95,3,3,2,3.77,1
U2484,52,Turismo,Costa,331.03,1,4,1,3.96,0
U2485,58,Turismo,Costa,338.03,13,8,3,4.29,1
U2486,23,Turismo,Costa,318.47,5,11,6,4.21,1
U2487,42,Turismo,Sierra,188.22,16,2,4,3.15,1
U2488,30,Familiar,Costa,336.22,16,7,1,4.37,1
U2489,51,Negocios,Sierra,263.1,12,4,6,3.75,1
U2490,25,Turismo,Costa,289.14,13,4,3,3.54,1
U2491,38,Familiar,Sierra,268.78,4,5,2,3.96,1
U2492,51,Negocios,Selva,465.22,9,14,0,4.66,1
U2493,21,Negocios,Costa,190.97,16,5,4,4.19,1
U2494,42,Familiar,Costa,404.17,1,8,1,4.61,1
U2495,32,Turismo,Selva,223.6,5,4,4,3.27,0
U2496,21,Turismo,Costa,301.0,5,9,2,4.19,0
U2497,62,Negocios,Sierra,481.37,19,9,6,4.24,1
U2498,29,Turismo,Costa,500.63,9,12,2,4.97,1
U2499,49,Turismo,Sierra,438.68,8,14,2,4.48,1
U2500,49,Negocios,Costa,233.72,19,8,6,3.25,1
U2501,45,Turismo,Selva,180.73,18,3,5,4.62,1
U2502,30,Negocios,Sierra,362.27,15,6,1,4.07,1
U2503,48,Turismo,Sierra,314.37,4,7,4,4.01,0
U2504,31,Negocios,Sierra,371.38,15,13,1,3.93,1
U2505,37,Negocios,Sierra,433.61,13,11,4,3.98,1
U2506,35,Turismo,Costa,250.6,18,5,3,3.92,1
U2507,46,Negocios,Selva,428.63,5,14,3,4.66,1
U2508,23,Pareja,Selva,365.77,18,11,3,4.49,1
U2509,49,Negocios,Costa,348.63,8,6,1,4.27,1
U2510,46,Turismo,Selva,399.52,1,10,3,3.94,1
U2511,60,Negocios,Sierra,342.33,19,12,2,3.53,1
U2512,19,Turismo,Sierra,346.11,17,8,3,4.06,1
U2513,40,Pareja,Costa,222.04,2,3,3,3.63,0
U2514,36,Negocios,Costa,395.61,19,12,1,4.21,1
U2515,48,Pareja,Costa,176.05,16,2,3,3.9,1
U2516,22,Negocios,Costa,173.4,18,3,4,3.22,1
U2517,36,Familiar,Sierra,205.75,2,4,3,4.1,1
U2518,51,Turismo,Costa,431.12,6,12,4,4.24,1
U2519,27,Familiar,Costa,202.78,7,3,4,4.1,1
U2520,42,Turismo,Selva,443.91,6,12,2,4.77,1
U2521,19,Turismo,Costa,199.63,6,4,2,3.7,1
U2522,28,Negocios,Costa,429.79,9,11,0,5.0,1
U2523,48,Negocios,Costa,482.35,8,12,2,5.0,1
U2524,32,Pareja,Costa,416.29,9,12,4,4.7,1
U2525,26,Turismo,Sierra,464.88,12,13,3,4.74,1
U2526,40,Turismo,Sierra,466.83,18,13,2,4.9,1
U2527,36,Familiar,Sierra,347.09,6,10,6,4.66,1
U2528,26,Turismo,Costa,289.26,4,5,1,4.16,1
U2529,52,Pareja,Sierra,325.43,7,13,2,4.14,1
U2530,38,Familiar,Costa,238.86,18,10,6,3.97,1
U2531,26,Turismo,Costa,400.16,5,12,1,4.18,1
U2532,45,Familiar,Costa,270.55,18,4,2,4.96,1
U2533,63,Negocios,Costa,434.6,10,13,5,4.82,1
U2534,24,Turismo,Costa,231.73,8,2,3,3.69,0
U2535,33,Turismo,Costa,356.54,1,12,7,4.89,1
U2536,33,Negocios,Selva,327.46,15,6,2,3.73,1
U2537,50,Familiar,Costa,475.85,3,11,2,5.0,0
U2538,21,Pareja,Costa,359.59,15,11,1,4.49,1
U2539,21,Turismo,Costa,255.21,14,3,0,4.0,1
U2540,56,Turismo,Sierra,262.24,1,5,2,3.67,1
U2541,57,Pareja,Costa,238.75,8,3,2,3.54,0
U2542,34,Turismo,Selva,298.0,7,3,4,3.5,1
U2543,54,Turismo,Selva,477.43,9,14,1,4.42,1
U2544,56,Turismo,Costa,277.1,18,4,6,3.95,1
U2545,46,Pareja,Costa,220.16,12,6,3,3.47,1
U2546,53,Turismo,Costa,297.78,8,5,6,3.67,1
U2547,55,Familiar,Sierra,297.16,8,3,5,4.08,1
U2548,56,Familiar,Costa,370.45,6,12,1,4.8,1
U2549,54,Turismo,Costa,378.26,3,11,3,4.56,1
U2550,52,Turismo,Costa,250.96,2,3,5,3.84,1
U2551,24,Familiar,Sierra,327.92,14,7,1,5.0,1
U2552,44,Turismo,Costa,259.77,8,8,4,4.16,1
U2553,45,Familiar,Costa,447.09,6,13,3,4.93,1
U2554,39,Pareja,Sierra,377.78,4,11,1,4.34,0
U2555,31,Turismo,Sierra,257.1,5,7,2,4.17,0
U2556,24,Familiar,Selva,395.59,13,8,3,4.48,1
U2557,54,Familiar,Costa,194.71,9,2,2,4.19,1
U2558,39,Familiar,Sierra,354.69,13,7,3,4.48,1
U2559,22,Turismo,Sierra,357.96,9,12,3,4.23,1
U2560,19,Negocios,Costa,268.32,16,4,3,3.97,1
U2561,44,Turismo,Sierra,247.52,12,2,3,4.07,1
U2562,38,Turismo,Costa,337.86,2,9,2,4.4,1
U2563,55,Turismo,Selva,236.24,19,5,1,3.43,1
U2564,32,Familiar,Costa,329.2,16,11,1,4.61,1
U2565,38,Turismo,Sierra,306.57,13,9,4,3.43,1
U2566,27,Turismo,Costa,371.78,5,11,2,4.53,1
U2567,40,Negocios,Selva,367.83,6,12,1,4.73,1
U2568,56,Familiar,Costa,222.7,17,5,2,3.79,1
U2569,22,Turismo,Selva,269.0,17,5,4,3.83,1
U2570,18,Negocios,Selva,452.74,17,13,1,4.85,1
U2571,30,Turismo,Costa,448.95,3,11,4,4.98,1
U2572,38,Familiar,Selva,223.01,13,5,3,4.38,1
U2573,43,Turismo,Selva,306.69,12,7,3,3.4,1
U2574,62,Negocios,Costa,351.31,6,10,2,4.55,1
U2575,38,Pareja,Costa,258.9,13,6,1,3.57,0
U2576,35,Familiar,Sierra,423.04,14,13,3,4.5,1
U2577,54,Pareja,Costa,451.26,7,14,0,5.0,1
U2578,62,Turismo,Costa,406.93,5,11,2,4.61,1
U2579,49,Turismo,Costa,333.45,14,9,4,4.53,1
U2580,53,Familiar,Costa,411.34,18,9,1,4.49,1
U2581,34,Turismo,Costa,175.88,4,5,0,4.24,0
U2582,52,Familiar,Costa,469.33,1,12,0,5.0,1
U2583,28,Turismo,Selva,375.99,7,11,4,4.57,1
U2584,38,Turismo,Sierra,362.75,13,10,1,3.9,1
U2585,43,Negocios,Costa,371.71,4,10,3,4.79,1
U2586,21,Negocios,Sierra,318.6,13,6,4,3.84,1
U2587,51,Negocios,Sierra,261.52,4,7,1,3.69,1
U2588,35,Negocios,Selva,250.47,3,6,3,3.99,1
U2589,57,Pareja,Costa,263.9,8,4,2,4.1,1
U2590,52,Negocios,Costa,331.72,8,12,3,4.21,1
U2591,58,Turismo,Selva,348.26,17,9,2,4.76,1
U2592,46,Familiar,Selva,332.3,15,10,2,5.0,1
U2593,46,Turismo,Sierra,210.68,4,5,2,3.85,1
U2594,55,Negocios,Sierra,290.27,6,10,2,4.21,0
U2595,59,Familiar,Costa,410.81,6,10,4,4.92,1
U2596,38,Turismo,Sierra,335.69,10,8,3,3.61,1
U2597,59,Familiar,Costa,316.36,4,9,2,4.62,1
U2598,30,Familiar,Costa,230.65,9,4,3,4.19,1
U2599,58,Pareja,Selva,228.67,16,6,4,3.58,1
U2600,34,Turismo,Costa,212.07,7,4,4,3.73,1
U2601,26,Turismo,Costa,317.84,14,8,3,3.52,1
U2602,58,Turismo,Selva,308.73,6,7,5,3.64,0
U2603,18,Negocios,Costa,436.23,1,12,0,4.95,1
U2604,19,Familiar,Selva,148.58,18,4,1,4.32,1
U2605,46,Negocios,Selva,391.95,12,10,2,4.0,1
U2606,50,Turismo,Sierra,352.57,15,13,4,4.41,1
U2607,27,Familiar,Costa,216.01,1,2,3,4.36,1
U2608,57,Turismo,Costa,383.74,15,11,4,4.36,1
U2609,38,Turismo,Costa,293.45,15,4,2,4.19,1
U2610,45,Turismo,Costa,382.91,16,12,0,4.56,1
U2611,28,Familiar,Costa,433.45,1,11,1,5.0,0
U2612,51,Turismo,Selva,358.26,3,12,4,3.93,1
U2613,25,Familiar,Costa,333.05,12,8,2,4.23,0
U2614,39,Negocios,Sierra,136.98,7,4,3,3.56,1
U2615,25,Familiar,Costa,283.03,5,4,6,4.29,1
U2616,32,Familiar,Sierra,303.0,1,3,3,4.04,1
U2617,34,Negocios,Selva,337.28,1,10,2,4.35,1
U2618,40,Turismo,Costa,422.76,15,12,2,4.37,1
U2619,41,Negocios,Costa,283.29,8,5,2,3.61,0
U2620,62,Familiar,Sierra,316.9,11,11,5,4.33,1
U2621,36,Turismo,Sierra,423.61,14,14,3,4.43,1
U2622,22,Turismo,Sierra,264.98,13,7,1,3.79,1
U2623,49,Negocios,Costa,337.01,19,3,5,4.4,1
U2624,61,Negocios,Costa,424.48,12,10,3,4.78,1
U2625,18,Negocios,Selva,316.9,19,8,3,4.19,1
U2626,40,Turismo,Selva,433.36,4,11,2,4.48,1
U2627,54,Turismo,Costa,293.88,4,6,2,3.96,1
U2628,25,Familiar,Selva,357.4,3,8,4,4.16,1
U2629,30,Turismo,Costa,208.42,6,5,3,3.51,0
U2630,25,Turismo,Costa,529.74,5,14,6,4.75,1
U2631,40,Pareja,Costa,356.02,11,11,0,4.45,1
U2632,60,Familiar,Costa,425.27,9,14,3,4.7,1
U2633,18,Pareja,Sierra,357.26,3,8,4,4.17,1
U2634,62,Turismo,Costa,233.95,9,3,2,3.76,1
U2635,41,Turismo,Costa,328.91,12,8,2,4.14,1
U2636,52,Negocios,Sierra,303.08,3,5,2,4.2,0
U2637,41,Familiar,Sierra,203.04,17,5,2,3.22,1
U2638,34,Negocios,Sierra,286.66,12,2,1,3.56,0
U2639,22,Turismo,Selva,413.82,18,13,5,3.77,1
U2640,37,Turismo,Costa,234.46,4,4,2,3.94,1
U2641,38,Turismo,Sierra,376.31,10,6,2,4.28,1
U2642,57,Turismo,Sierra,247.84,18,6,1,3.39,1
U2643,48,Negocios,Sierra,267.81,8,3,6,3.32,1
U2644,63,Turismo,Costa,250.38,9,5,2,3.44,1
U2645,53,Turismo,Costa,152.35,19,2,2,3.62,1
U2646,28,Pareja,Selva,353.0,13,10,3,4.1,1
U2647,32,Familiar,Costa,222.75,6,2,5,3.96,1
U2648,36,Pareja,Selva,356.25,7,7,1,3.95,0
U2649,24,Familiar,Sierra,339.03,6,8,6,4.09,1
U2650,45,Turismo,Sierra,158.98,11,4,5,3.86,1
U2651,60,Negocios,Selva,470.63,17,13,6,4.67,1
U2652,22,Turismo,Sierra,187.33,19,2,5,3.12,1
U2653,22,Turismo,Costa,272.63,12,8,3,3.94,1
U2654,47,Turismo,Sierra,256.2,13,4,3,3.45,1
U2655,49,Turismo,Selva,517.76,18,14,2,5.0,1
U2656,25,Turismo,Costa,394.75,7,11,3,4.75,1
U2657,27,Turismo,Costa,485.02,5,13,6,4.78,1
U2658,55,Turismo,Costa,461.97,16,13,5,5.0,1
U2659,64,Negocios,Selva,329.3,4,7,2,4.44,1
U2660,49,Familiar,Costa,445.79,1,14,1,5.0,1
U2661,45,Negocios,Sierra,479.78,4,13,7,4.49,1
U2662,34,Negocios,Costa,351.24,3,7,4,4.14,0
U2663,48,Turismo,Costa,478.48,4,13,2,4.52,0
U2664,25,Turismo,Sierra,245.41,1,5,3,4.26,1
U2665,57,Turismo,Costa,488.1,12,13,5,4.52,1
U2666,42,Turismo,Sierra,435.95,13,12,2,4.73,1
U2667,26,Turismo,Sierra,256.92,2,7,2,4.07,1
U2668,19,Turismo,Selva,397.55,9,12,3,4.3,1
U2669,32,Pareja,Costa,367.89,7,11,5,5.0,1
U2670,20,Pareja,Selva,161.7,13,5,3,3.11,1
U2671,53,Turismo,Sierra,511.24,2,14,3,4.7,1
U2672,21,Turismo,Selva,505.03,1,9,2,4.31,0
U2673,31,Familiar,Costa,432.61,18,10,4,5.0,1
U2674,58,Negocios,Sierra,224.8,7,3,7,3.71,1
U2675,58,Turismo,Selva,301.96,18,8,1,3.49,1
U2676,42,Turismo,Selva,325.94,19,10,3,4.52,1
U2677,27,Pareja,Costa,379.72,8,10,3,4.61,1
U2678,38,Negocios,Costa,487.26,12,13,3,4.51,1
U2679,53,Turismo,Costa,249.59,11,6,2,3.89,1
U2680,29,Familiar,Costa,322.65,9,2,1,3.86,1
U2681,44,Turismo,Costa,236.33,4,7,4,3.97,0
U2682,57,Negocios,Costa,361.2,7,9,4,4.42,1
U2683,19,Pareja,Selva,197.95,17,2,6,3.4,1
U2684,30,Turismo,Costa,216.99,11,3,3,3.65,1
U2685,49,Turismo,Sierra,432.63,2,14,3,4.08,1
U2686,48,Negocios,Costa,465.19,18,14,3,4.93,1
U2687,33,Turismo,Costa,171.95,12,2,3,3.07,0
U2688,49,Turismo,Costa,347.71,9,6,6,4.2,1
U2689,49,Negocios,Costa,297.7,11,3,5,3.41,0
U2690,51,Negocios,Sierra,374.98,5,11,5,4.32,1
U2691,28,Familiar,Selva,312.16,7,11,3,4.47,1
U2692,27,Negocios,Costa,276.98,1,5,4,4.12,1
U2693,32,Negocios,Costa,208.52,5,2,2,3.98,1
U2694,34,Turismo,Costa,333.01,6,8,1,4.58,0
U2695,57,Familiar,Selva,376.62,13,9,1,4.02,1
U2696,35,Negocios,Sierra,352.39,11,6,3,3.99,1
U2697,26,Turismo,Sierra,258.31,8,3,0,4.27,1
U2698,42,Negocios,Sierra,376.54,2,9,4,4.24,1
U2699,57,Negocios,Selva,232.13,15,2,2,3.31,1
U2700,31,Negocios,Costa,340.33,10,8,6,4.26,1
U2701,42,Familiar,Costa,147.17,8,2,4,3.78,1
U2702,39,Negocios,Selva,511.37,2,13,2,4.32,0
U2703,47,Negocios,Sierra,310.66,15,7,5,4.23,1
U2704,37,Turismo,Sierra,413.77,6,14,1,4.7,1
U2705,38,Familiar,Sierra,249.13,5,7,7,3.75,1
U2706,61,Turismo,Costa,237.42,3,6,2,3.95,0
U2707,49,Turismo,Sierra,155.02,11,3,1,3.29,1
U2708,63,Negocios,Sierra,250.1,11,3,5,3.17,1
U2709,38,Turismo,Costa,363.44,16,10,3,4.0,1
U2710,52,Turismo,Sierra,322.11,3,6,1,3.56,0
U2711,49,Turismo,Selva,341.79,9,6,6,3.97,1
U2712,47,Turismo,Costa,373.29,3,8,5,4.21,1
U2713,56,Turismo,Costa,337.24,19,7,4,3.94,1
U2714,29,Negocios,Costa,231.03,11,3,4,3.69,1
U2715,58,Turismo,Sierra,407.11,14,12,3,4.64,1
U2716,64,Negocios,Costa,188.26,2,2,4,3.78,1
U2717,35,Familiar,Sierra,312.53,7,6,2,4.53,1
U2718,38,Pareja,Selva,213.03,10,5,3,3.61,0
U2719,30,Pareja,Costa,436.15,10,13,0,5.0,1
U2720,38,Familiar,Selva,201.73,1,4,3,4.01,0
U2721,25,Turismo,Selva,275.31,6,3,3,3.55,0
U2722,63,Familiar,Costa,430.26,14,11,2,4.94,1
U2723,57,Turismo,Costa,323.53,2,3,3,3.62,0
U2724,63,Turismo,Selva,223.21,6,5,3,3.6,1
U2725,24,Turismo,Selva,184.13,1,3,1,3.65,0
U2726,40,Turismo,Costa,263.97,3,5,1,4.16,1
U2727,61,Familiar,Costa,202.6,4,4,1,3.98,0
U2728,49,Turismo,Costa,399.07,13,10,2,5.0,1
U2729,28,Turismo,Selva,325.21,3,8,2,4.0,0
U2730,39,Pareja,Costa,436.64,15,14,1,4.27,1
U2731,39,Negocios,Sierra,471.01,13,12,3,4.91,1
U2732,60,Turismo,Selva,346.37,11,13,3,4.52,1
U2733,42,Pareja,Costa,265.98,4,4,0,4.0,0
U2734,39,Turismo,Sierra,433.51,17,14,2,4.43,1
U2735,45,Turismo,Costa,390.81,5,9,2,4.55,0
U2736,46,Negocios,Selva,425.0,8,10,6,4.84,1
U2737,30,Turismo,Costa,347.25,10,14,4,4.65,1
U2738,35,Familiar,Sierra,317.17,7,8,2,3.89,1
U2739,19,Turismo,Sierra,308.44,17,7,5,2.93,1
U2740,46,Turismo,Costa,143.2,7,5,2,3.85,1
U2741,38,Negocios,Costa,294.7,19,6,5,3.79,1
U2742,32,Negocios,Costa,323.57,9,9,3,4.27,1
U2743,44,Pareja,Costa,178.59,2,4,2,3.51,0
U2744,48,Turismo,Selva,184.13,19,3,2,3.25,1
U2745,32,Turismo,Selva,197.71,6,4,4,3.37,1
U2746,40,Negocios,Costa,410.31,10,13,3,4.47,1
U2747,41,Turismo,Sierra,337.01,13,8,4,4.31,1
U2748,61,Pareja,Sierra,399.03,2,9,7,4.42,1
U2749,30,Turismo,Selva,190.55,10,2,4,3.12,1
U2750,39,Negocios,Costa,516.21,10,14,5,4.61,1
U2751,60,Turismo,Costa,275.46,5,8,1,4.26,1
U2752,54,Familiar,Costa,379.84,4,10,2,5.0,1
U2753,50,Turismo,Sierra,544.18,2,13,4,5.0,1
U2754,20,Familiar,Costa,381.54,7,14,0,4.66,1
U2755,36,Turismo,Costa,157.44,18,4,3,4.01,1
U2756,40,Familiar,Costa,302.88,17,4,1,3.77,1
U2757,46,Turismo,Sierra,361.0,11,9,2,4.11,1
U2758,47,Negocios,Costa,231.02,18,5,2,4.06,1
U2759,56,Turismo,Costa,293.49,8,9,3,3.61,1
U2760,61,Negocios,Costa,281.52,12,6,3,4.69,1
U2761,64,Pareja,Costa,245.56,1,4,3,4.29,1
U2762,42,Familiar,Sierra,268.02,12,5,3,4.28,1
U2763,54,Turismo,Costa,204.12,6,5,2,3.57,1
U2764,64,Turismo,Costa,333.12,3,9,3,4.3,0
U2765,25,Negocios,Sierra,277.13,5,7,1,4.14,1
U2766,59,Familiar,Costa,360.08,14,8,3,4.28,1
U2767,33,Turismo,Costa,318.17,12,10,3,4.28,1
U2768,25,Negocios,Selva,309.34,13,7,5,4.24,1
U2769,18,Turismo,Costa,370.59,13,4,6,3.69,1
U2770,61,Negocios,Costa,403.63,17,14,1,4.81,1
U2771,22,Turismo,Costa,201.51,15,4,2,3.28,0
U2772,20,Turismo,Costa,411.94,6,12,5,4.34,1
U2773,18,Negocios,Sierra,91.76,12,4,3,3.23,1
U2774,21,Pareja,Sierra,367.51,2,13,3,4.54,1
U2775,57,Negocios,Sierra,409.95,4,11,3,4.16,1
U2776,52,Negocios,Costa,207.87,12,3,0,3.8,0
U2777,49,Negocios,Costa,247.17,3,2,0,3.59,0
U2778,59,Familiar,Selva,404.72,17,12,1,4.55,1
U2779,51,Turismo,Selva,378.1,6,11,3,4.68,1
U2780,60,Turismo,Costa,159.29,17,2,4,3.27,1
U2781,42,Negocios,Costa,243.95,17,5,3,4.17,1
U2782,27,Negocios,Costa,178.3,11,4,2,3.76,0
U2783,38,Turismo,Costa,275.94,7,6,3,3.88,0
U2784,63,Familiar,Costa,390.29,2,13,1,4.57,1
U2785,56,Familiar,Costa,311.65,19,10,1,4.28,1
U2786,44,Negocios,Sierra,406.88,2,13,1,4.24,0
U2787,44,Turismo,Sierra,483.63,13,14,3,4.62,1
U2788,19,Pareja,Costa,357.08,16,9,3,4.55,1
U2789,58,Turismo,Costa,472.23,17,13,3,4.7,1
U2790,30,Familiar,Selva,326.03,11,10,5,4.38,1
U2791,26,Negocios,Costa,460.41,9,14,5,4.8,1
U2792,53,Pareja,Sierra,368.4,9,6,5,4.18,1
U2793,39,Familiar,Costa,419.85,14,9,3,4.98,1
U2794,59,Pareja,Sierra,197.36,13,5,1,3.23,1
U2795,43,Turismo,Costa,232.89,11,6,2,3.88,1
U2796,29,Turismo,Costa,523.72,12,13,2,5.0,1
U2797,34,Pareja,Costa,261.45,3,4,0,3.53,0
U2798,31,Turismo,Costa,273.78,1,6,2,4.07,1
U2799,31,Turismo,Costa,423.73,8,13,2,4.65,1
U2800,51,Familiar,Sierra,250.25,19,4,1,3.83,1
U2801,37,Familiar,Costa,295.31,13,6,2,4.87,1
U2802,28,Pareja,Costa,389.97,7,12,2,4.59,1
U2803,33,Negocios,Sierra,275.15,13,6,4,4.3,1
U2804,48,Familiar,Sierra,277.12,6,7,1,4.21,1
U2805,23,Familiar,Selva,380.63,3,10,7,4.7,1
U2806,36,Negocios,Sierra,157.56,6,2,5,3.24,0
U2807,54,Turismo,Costa,375.46,3,13,2,4.43,0
U2808,21,Turismo,Sierra,468.18,13,11,1,4.61,1
U2809,64,Turismo,Selva,302.06,13,7,2,4.08,1
U2810,21,Pareja,Selva,279.29,13,2,4,3.84,1
U2811,37,Turismo,Costa,208.92,1,7,1,4.08,0
U2812,27,Familiar,Costa,144.18,8,3,3,3.54,1
U2813,41,Pareja,Costa,373.31,5,9,8,4.15,1
U2814,52,Turismo,Sierra,413.19,17,12,2,4.68,1
U2815,43,Familiar,Sierra,180.99,9,4,3,3.27,1
U2816,54,Turismo,Sierra,451.24,13,11,2,4.54,1
U2817,55,Familiar,Costa,262.04,13,7,2,4.34,1
U2818,38,Negocios,Sierra,365.46,5,7,4,4.34,1
U2819,57,Pareja,Selva,257.57,14,5,9,3.89,1
U2820,56,Negocios,Costa,229.82,11,6,3,3.76,1
U2821,38,Turismo,Sierra,183.22,14,3,5,3.3,1
U2822,27,Familiar,Costa,463.02,7,11,3,4.82,1
U2823,55,Turismo,Selva,379.52,17,11,1,4.48,1
U2824,63,Turismo,Selva,398.59,4,9,2,3.56,1
U2825,21,Turismo,Sierra,464.43,10,11,2,4.53,1
U2826,62,Familiar,Sierra,323.73,10,8,5,4.08,1
U2827,37,Negocios,Selva,383.25,15,11,5,4.37,1
U2828,34,Negocios,Costa,285.29,12,7,2,4.22,1
U2829,24,Turismo,Costa,345.36,9,8,2,3.79,1
U2830,21,Turismo,Sierra,514.15,3,13,6,4.61,1
U2831,46,Negocios,Costa,133.09,15,2,2,3.61,1
U2832,31,Turismo,Costa,294.27,12,6,6,4.11,1
U2833,20,Turismo,Selva,336.55,15,8,3,4.04,1
U2834,41,Negocios,Sierra,104.23,1,2,2,2.94,0
U2835,54,Turismo,Costa,172.28,15,3,3,3.37,1
U2836,33,Familiar,Costa,338.06,11,10,2,4.26,1
U2837,21,Negocios,Costa,477.05,5,13,5,4.97,1
U2838,41,Turismo,Costa,285.82,7,4,1,3.94,1
U2839,51,Turismo,Costa,211.76,12,7,4,3.96,1
U2840,47,Turismo,Sierra,359.71,6,8,4,3.61,1
U2841,35,Familiar,Costa,397.69,3,10,5,4.79,1
U2842,36,Turismo,Costa,312.23,10,6,4,4.31,1
U2843,48,Turismo,Costa,268.73,4,5,3,3.43,0
U2844,36,Negocios,Selva,464.15,13,12,3,4.37,1
U2845,63,Turismo,Costa,497.42,19,13,2,4.37,1
U2846,36,Turismo,Costa,134.96,5,3,1,3.49,0
U2847,39,Negocios,Costa,236.44,18,4,2,3.6,1
U2848,41,Turismo,Sierra,270.59,1,6,5,3.96,1
U2849,62,Pareja,Sierra,387.99,16,12,4,4.43,1
U2850,29,Turismo,Costa,438.34,16,14,2,5.0,1
U2851,47,Turismo,Costa,226.0,16,3,3,3.79,1
U2852,55,Pareja,Costa,396.24,19,14,2,4.79,1
U2853,48,Familiar,Sierra,294.63,16,5,6,3.97,1
U2854,53,Turismo,Sierra,175.98,1,2,4,3.12,0
U2855,36,Familiar,Costa,304.83,10,5,6,4.61,1
U2856,62,Familiar,Costa,296.76,2,8,3,4.87,1
U2857,53,Turismo,Costa,405.14,14,13,0,4.87,1
U2858,47,Turismo,Costa,191.6,8,4,2,3.82,1
U2859,50,Turismo,Sierra,363.69,6,11,5,3.99,1
U2860,35,Pareja,Costa,309.9,3,9,4,4.61,1
U2861,45,Turismo,Costa,327.27,16,7,2,4.38,1
U2862,64,Negocios,Costa,357.89,17,7,1,4.87,1
U2863,28,Familiar,Selva,213.83,12,2,4,3.48,1
U2864,62,Turismo,Selva,279.44,19,6,6,4.12,1
U2865,50,Negocios,Costa,263.22,3,4,8,4.09,1
U2866,34,Turismo,Costa,392.59,13,11,2,4.43,1
U2867,23,Turismo,Costa,195.87,16,2,1,4.1,1
U2868,21,Familiar,Costa,334.64,11,9,3,4.74,1
U2869,37,Negocios,Costa,369.58,16,8,2,4.06,1
U2870,64,Familiar,Sierra,199.46,2,8,4,4.06,1
U2871,44,Turismo,Sierra,332.21,4,13,2,4.03,0
U2872,32,Negocios,Selva,445.77,4,11,6,4.3,1
U2873,23,Pareja,Costa,384.58,17,11,2,4.73,1
U2874,64,Turismo,Selva,440.27,1,11,0,4.73,1
U2875,31,Turismo,Sierra,230.69,1,5,4,3.78,1
U2876,28,Turismo,Costa,544.78,5,14,3,4.76,1
U2877,56,Familiar,Costa,409.8,12,12,3,5.0,1
U2878,26,Turismo,Costa,328.0,6,7,1,4.42,1
U2879,43,Negocios,Costa,438.71,6,14,5,4.19,1
U2880,33,Negocios,Costa,327.33,17,10,4,4.39,1
U2881,22,Turismo,Sierra,151.83,13,4,2,3.45,0
U2882,27,Familiar,Costa,411.48,8,10,4,5.0,1
U2883,20,Turismo,Selva,280.87,12,5,4,3.93,1
U2884,30,Negocios,Costa,288.0,15,6,2,4.22,1
U2885,60,Negocios,Selva,270.82,19,8,4,3.8,1
U2886,47,Turismo,Costa,376.31,17,7,3,4.3,1
U2887,62,Pareja,Sierra,399.7,9,11,3,4.63,1
U2888,23,Turismo,Costa,385.12,18,9,1,4.4,1
U2889,34,Pareja,Costa,349.82,2,9,4,4.4,1
U2890,62,Turismo,Selva,295.5,11,9,3,3.58,0
U2891,36,Negocios,Costa,288.5,17,4,2,3.96,1
U2892,59,Familiar,Sierra,416.95,18,11,3,4.08,1
U2893,52,Turismo,Sierra,296.46,15,7,3,3.79,1
U2894,63,Familiar,Costa,349.44,7,8,2,4.62,1
U2895,43,Pareja,Costa,413.07,16,10,4,4.76,1
U2896,22,Negocios,Sierra,427.42,1,11,0,4.11,0
U2897,46,Negocios,Costa,308.84,18,11,1,4.48,1
U2898,54,Familiar,Sierra,364.34,8,13,4,5.0,1
U2899,37,Turismo,Selva,297.74,7,5,2,3.65,0
U2900,38,Negocios,Costa,248.51,2,6,5,3.53,0
U2901,27,Negocios,Costa,297.54,12,9,3,4.33,1
U2902,22,Negocios,Sierra,213.04,16,2,6,3.17,1
U2903,53,Familiar,Costa,384.9,9,13,3,4.67,1
U2904,23,Negocios,Costa,281.58,11,7,3,4.39,1
U2905,43,Turismo,Costa,303.71,15,5,3,4.62,1
U2906,21,Turismo,Sierra,207.61,3,6,2,3.42,0
U2907,56,Turismo,Costa,348.22,13,12,3,4.28,1
U2908,56,Negocios,Costa,202.76,13,6,1,3.77,1
U2909,52,Familiar,Sierra,173.6,2,3,5,3.63,1
U2910,18,Negocios,Costa,354.11,6,9,2,4.94,1
U2911,41,Familiar,Costa,185.72,6,3,0,3.86,0
U2912,53,Familiar,Selva,336.26,12,5,9,4.11,1
U2913,23,Turismo,Sierra,461.61,4,13,3,5.0,1
U2914,58,Turismo,Selva,460.13,5,14,5,4.79,1
U2915,63,Turismo,Costa,346.69,8,6,1,4.49,1
U2916,61,Turismo,Sierra,127.9,6,2,4,3.08,1
U2917,48,Familiar,Costa,348.86,3,7,4,4.39,1
U2918,37,Familiar,Costa,204.84,8,3,3,3.75,1
U2919,41,Turismo,Costa,260.55,19,6,4,4.26,1
U2920,42,Turismo,Costa,336.09,11,7,2,4.59,1
U2921,53,Pareja,Selva,396.0,18,12,3,4.21,1
U2922,38,Pareja,Costa,359.07,10,9,5,4.26,1
U2923,47,Turismo,Sierra,367.2,12,10,2,4.14,1
U2924,41,Turismo,Sierra,476.39,8,14,3,4.19,1
U2925,61,Turismo,Sierra,413.49,19,13,2,4.27,1
U2926,59,Pareja,Costa,351.87,16,7,4,4.49,1
U2927,47,Negocios,Sierra,181.11,18,6,1,3.4,1
U2928,39,Turismo,Costa,470.89,9,13,1,4.82,1
U2929,45,Turismo,Costa,166.53,4,5,3,3.39,0
U2930,24,Turismo,Selva,178.98,9,3,2,3.46,0
U2931,52,Turismo,Costa,242.78,2,3,3,3.67,1
U2932,45,Pareja,Costa,227.07,9,8,5,3.69,1
U2933,31,Negocios,Selva,291.64,9,6,2,4.12,1
U2934,27,Turismo,Costa,259.19,18,8,1,4.37,1
U2935,33,Negocios,Sierra,412.61,11,14,4,4.23,1
U2936,33,Negocios,Costa,365.88,13,12,3,4.47,1
U2937,48,Turismo,Costa,127.27,6,2,6,3.57,1
U2938,59,Turismo,Costa,107.96,9,2,3,2.97,0
U2939,42,Turismo,Costa,386.87,16,6,4,3.85,1
U2940,30,Turismo,Costa,207.53,4,3,1,4.15,0
U2941,23,Negocios,Sierra,288.1,2,9,6,3.71,0
U2942,61,Turismo,Sierra,210.77,7,4,4,4.0,0
U2943,26,Pareja,Selva,196.27,15,2,4,3.09,1
U2944,62,Pareja,Costa,442.13,6,14,4,4.98,1
U2945,53,Turismo,Sierra,153.32,11,3,4,3.36,1
U2946,60,Turismo,Sierra,349.45,17,11,1,4.2,1
U2947,37,Pareja,Selva,453.7,4,11,2,5.0,1
U2948,35,Negocios,Costa,257.62,19,8,5,3.74,1
U2949,60,Familiar,Sierra,205.69,7,7,2,4.24,0
U2950,38,Pareja,Selva,419.45,11,13,5,4.65,1
U2951,21,Negocios,Costa,253.39,13,9,2,5.0,1
U2952,50,Negocios,Selva,282.26,3,8,0,3.64,0
U2953,44,Pareja,Costa,331.81,14,11,3,4.23,1
U2954,24,Turismo,Sierra,398.91,2,14,4,4.74,1
U2955,23,Negocios,Selva,353.45,18,9,1,4.1,1
U2956,32,Turismo,Sierra,251.73,5,4,1,3.56,0
U2957,35,Turismo,Costa,265.24,13,7,4,4.37,1
U2958,49,Turismo,Costa,456.35,13,14,3,4.73,1
U2959,28,Familiar,Selva,284.97,14,8,3,4.0,1
U2960,37,Pareja,Costa,414.45,12,11,3,4.8,1
U2961,41,Turismo,Costa,342.75,13,12,2,4.6,1
U2962,32,Turismo,Sierra,202.7,18,2,2,3.41,1
U2963,24,Turismo,Costa,206.49,13,2,3,3.6,1
U2964,38,Turismo,Costa,444.55,4,8,2,4.21,1
U2965,59,Negocios,Costa,373.35,10,14,4,4.86,1
U2966,43,Pareja,Costa,549.42,5,12,2,4.79,1
U2967,61,Familiar,Sierra,498.9,18,14,3,4.77,1
U2968,31,Turismo,Sierra,330.24,8,4,1,3.47,0
U2969,54,Turismo,Sierra,284.14,14,4,4,3.89,1
U2970,38,Negocios,Selva,236.14,2,6,2,3.62,0
U2971,35,Turismo,Selva,449.52,8,12,4,3.9,1
U2972,22,Turismo,Sierra,272.25,16,7,3,3.53,1
U2973,20,Turismo,Costa,212.25,7,3,4,3.7,1
U2974,40,Pareja,Sierra,180.14,3,4,5,3.5,0
U2975,43,Turismo,Costa,271.6,4,7,5,4.02,0
U2976,54,Turismo,Sierra,283.73,7,4,3,3.65,0
U2977,41,Familiar,Sierra,305.21,4,6,2,3.77,0
U2978,36,Negocios,Costa,423.4,9,10,2,4.28,0
U2979,42,Turismo,Selva,368.96,17,13,1,4.74,1
U2980,38,Turismo,Costa,145.35,17,4,3,4.0,1
U2981,29,Turismo,Sierra,493.93,14,13,3,4.81,1
U2982,58,Familiar,Costa,468.01,14,12,1,5.0,1
U2983,50,Turismo,Selva,471.64,13,14,0,4.91,1
U2984,21,Familiar,Costa,482.03,4,14,2,4.83,0
U2985,59,Turismo,Costa,348.79,13,7,1,4.26,1
U2986,24,Turismo,Costa,425.71,17,12,5,4.32,1
U2987,39,Familiar,Costa,310.15,15,6,4,4.09,1
U2988,50,Negocios,Costa,324.06,18,6,3,4.26,1
U2989,34,Negocios,Sierra,411.95,11,12,6,4.71,1
U2990,41,Turismo,Costa,288.25,4,7,5,4.07,1
U2991,51,Turismo,Costa,324.64,11,7,3,4.69,1
U2992,45,Negocios,Costa,307.67,10,2,6,3.98,1
U2993,60,Turismo,Selva,374.25,13,12,4,4.12,1
U2994,58,Turismo,Sierra,350.65,8,10,1,3.88,1
U2995,56,Turismo,Sierra,195.49,13,6,5,4.0,1
U2996,39,Pareja,Sierra,216.18,9,2,8,3.57,1
U2997,34,Turismo,Costa,323.48,1,9,2,4.5,1
U2998,51,Familiar,Costa,257.74,1,8,2,3.62,0
U2999,23,Negocios,Costa,324.57,15,8,4,4.32,1
U3000,63,Turismo,Selva,358.05,4,6,4,3.86,1
U3001,23,Familiar,Selva,176.84,1,2,1,3.34,0
U3002,51,Turismo,Costa,359.17,12,10,0,4.4,1
U3003,18,Familiar,Costa,489.41,11,12,3,5.0,1
U3004,27,Turismo,Costa,371.94,19,10,2,5.0,1
U3005,38,Negocios,Costa,289.59,15,9,6,4.3,1
U3006,22,Turismo,Sierra,317.76,10,6,2,3.72,1
U3007,19,Turismo,Costa,295.11,1,4,2,3.76,1
U3008,39,Familiar,Selva,339.95,3,9,3,4.72,0
U3009,19,Negocios,Costa,200.96,14,2,4,3.4,1
U3010,27,Pareja,Selva,173.32,15,4,4,3.73,1
U3011,51,Pareja,Sierra,395.32,1,13,1,4.53,1
U3012,33,Negocios,Sierra,399.98,10,12,2,4.45,1
U3013,56,Turismo,Sierra,331.6,1,8,8,3.59,1
U3014,39,Familiar,Sierra,230.11,15,5,3,3.9,1
U3015,29,Pareja,Sierra,309.21,3,8,3,3.58,1
U3016,41,Turismo,Sierra,432.66,12,13,3,4.34,1
U3017,64,Turismo,Sierra,366.73,19,12,2,4.61,1
U3018,57,Turismo,Selva,447.63,16,14,2,4.96,1
U3019,55,Turismo,Sierra,341.11,8,6,2,4.05,1
U3020,27,Turismo,Sierra,275.73,14,7,1,3.73,1
U3021,52,Familiar,Selva,282.71,18,8,5,4.74,1
U3022,49,Negocios,Costa,565.32,1,14,6,4.86,1
U3023,24,Negocios,Costa,405.69,2,11,3,4.22,1
U3024,38,Turismo,Costa,400.21,12,13,6,4.86,1
U3025,37,Turismo,Sierra,359.93,17,8,2,4.26,1
U3026,43,Turismo,Selva,340.56,2,8,3,3.92,1
U3027,21,Turismo,Costa,299.24,17,8,2,4.23,1
U3028,63,Turismo,Sierra,414.18,7,12,3,4.56,1
U3029,39,Negocios,Sierra,446.5,6,14,5,4.65,1
U3030,32,Turismo,Costa,510.57,6,14,3,5.0,1
U3031,57,Pareja,Sierra,361.82,8,8,3,3.97,0
U3032,38,Turismo,Selva,131.73,5,4,3,3.62,1
U3033,32,Turismo,Costa,533.99,15,13,5,4.92,1
U3034,39,Turismo,Sierra,224.46,7,4,4,3.51,1
U3035,45,Pareja,Sierra,413.87,3,8,3,4.15,1
U3036,31,Negocios,Costa,252.46,10,3,1,3.83,1
U3037,44,Turismo,Costa,229.07,3,3,4,3.37,0
U3038,58,Familiar,Selva,234.17,14,4,1,3.78,1
U3039,57,Turismo,Costa,399.03,3,5,7,4.27,1
U3040,45,Negocios,Costa,291.95,1,7,5,3.73,0
U3041,43,Turismo,Costa,427.5,1,14,4,4.57,1
U3042,19,Negocios,Sierra,320.91,19,9,7,4.81,1
U3043,42,Turismo,Sierra,394.46,4,11,4,4.0,0
U3044,20,Familiar,Sierra,394.38,2,11,7,4.52,1
U3045,25,Negocios,Costa,377.95,11,8,4,4.11,1
U3046,61,Familiar,Selva,299.01,12,5,3,4.11,1
U3047,50,Negocios,Costa,254.63,13,3,1,3.61,1
U3048,59,Familiar,Costa,205.25,16,3,3,3.99,1
U3049,52,Turismo,Costa,294.92,16,5,1,3.82,1
U3050,23,Negocios,Costa,344.6,19,7,4,4.56,1
U3051,56,Negocios,Selva,234.91,9,4,3,3.69,1
U3052,40,Pareja,Selva,319.49,16,7,3,3.69,1
U3053,42,Negocios,Costa,322.32,7,6,3,4.4,1
U3054,60,Negocios,Selva,293.87,13,6,2,3.6,1
U3055,36,Turismo,Sierra,231.99,4,3,4,3.14,1
U3056,22,Turismo,Selva,420.33,13,9,6,4.29,1
U3057,28,Turismo,Costa,294.27,8,6,1,4.66,1
U3058,29,Negocios,Sierra,386.24,2,12,6,3.82,1
U3059,27,Turismo,Costa,149.37,7,3,7,3.25,1
U3060,25,Negocios,Selva,333.41,11,8,2,4.29,1
U3061,41,Negocios,Costa,444.49,17,14,3,4.6,1
U3062,45,Turismo,Sierra,412.61,14,10,1,4.51,1
U3063,58,Familiar,Costa,451.08,13,10,2,4.65,1
U3064,53,Negocios,Costa,142.95,15,2,2,3.63,1
U3065,54,Turismo,Sierra,283.46,9,8,3,4.49,1
U3066,38,Turismo,Selva,370.98,3,10,3,3.88,1
U3067,25,Pareja,Sierra,265.54,13,7,4,4.19,1
U3068,26,Pareja,Selva,183.34,13,2,0,3.67,1
U3069,64,Familiar,Costa,189.85,9,3,2,3.58,1
U3070,32,Negocios,Sierra,210.71,18,5,3,3.84,1
U3071,63,Negocios,Costa,302.39,5,5,4,4.08,1
U3072,57,Turismo,Costa,220.42,11,3,1,3.82,1
U3073,35,Turismo,Sierra,441.49,2,9,1,4.43,1
U3074,59,Turismo,Sierra,234.61,17,3,3,3.51,1
U3075,37,Familiar,Sierra,303.3,4,4,3,4.13,1
U3076,23,Familiar,Sierra,224.66,18,5,3,4.07,1
U3077,29,Familiar,Sierra,335.13,8,10,4,4.69,1
U3078,19,Turismo,Costa,505.45,19,11,2,4.3,1
U3079,24,Turismo,Costa,163.99,12,2,4,4.02,1
U3080,33,Turismo,Sierra,302.51,11,9,5,3.71,1
U3081,20,Negocios,Costa,380.29,16,13,5,4.84,1
U3082,62,Familiar,Costa,379.1,5,6,5,4.58,1
U3083,20,Negocios,Costa,314.02,3,8,1,3.84,0
U3084,44,Turismo,Sierra,370.14,12,9,1,4.35,1
U3085,60,Turismo,Costa,290.88,15,6,1,3.8,1
U3086,57,Turismo,Sierra,313.8,16,9,5,4.4,1
U3087,55,Familiar,Sierra,379.6,13,11,5,4.4,1
U3088,50,Turismo,Costa,458.91,7,12,5,4.27,1
U3089,45,Familiar,Sierra,288.68,15,9,1,4.79,1
U3090,18,Turismo,Sierra,405.9,3,10,2,4.37,0
U3091,25,Turismo,Sierra,288.36,12,3,3,3.99,1
U3092,54,Familiar,Sierra,253.5,8,4,3,3.75,1
U3093,49,Turismo,Costa,261.11,12,2,3,3.25,1
U3094,60,Pareja,Sierra,192.52,18,5,3,4.14,1
U3095,54,Negocios,Costa,191.81,3,6,1,3.88,0
U3096,21,Turismo,Selva,428.76,12,12,2,4.6,1
U3097,47,Turismo,Selva,165.12,2,2,1,3.63,0
U3098,23,Pareja,Sierra,393.91,14,9,3,4.14,1
U3099,63,Negocios,Costa,201.14,14,3,6,3.82,1
U3100,36,Familiar,Costa,201.8,4,2,4,4.48,1
U3101,49,Turismo,Costa,220.71,17,3,5,3.78,1
U3102,26,Turismo,Costa,466.71,15,14,3,5.0,1
U3103,29,Turismo,Costa,256.18,16,6,1,3.41,1
U3104,28,Turismo,Sierra,303.96,5,10,2,4.45,1
U3105,63,Turismo,Costa,361.23,17,10,5,3.97,1
U3106,33,Familiar,Selva,289.16,7,3,7,4.33,1
U3107,18,Turismo,Costa,186.22,15,3,5,3.84,1
U3108,62,Turismo,Selva,208.16,17,4,3,3.59,1
U3109,38,Turismo,Selva,335.64,12,8,4,4.04,1
U3110,47,Negocios,Sierra,357.77,11,12,2,4.24,1
U3111,30,Negocios,Sierra,289.05,19,4,3,3.53,1
U3112,51,Turismo,Costa,140.35,11,2,4,3.52,1
U3113,21,Turismo,Sierra,291.07,2,7,1,4.59,0
U3114,45,Negocios,Costa,365.82,15,4,4,4.52,1
U3115,55,Turismo,Costa,137.31,5,2,4,3.31,0
U3116,48,Turismo,Sierra,534.69,18,14,1,4.85,1
U3117,44,Turismo,Costa,267.16,16,5,0,4.01,1
U3118,22,Turismo,Sierra,474.18,4,14,2,4.61,0
U3119,42,Negocios,Costa,153.97,10,2,3,3.31,1
U3120,20,Pareja,Costa,234.38,2,2,4,3.9,0
U3121,50,Familiar,Costa,420.55,15,13,3,5.0,1
U3122,21,Familiar,Costa,159.27,4,3,3,3.72,1
U3123,42,Negocios,Costa,467.19,16,11,2,5.0,1
U3124,37,Familiar,Costa,330.68,7,9,3,5.0,1
U3125,51,Familiar,Costa,123.69,12,3,4,4.06,1
U3126,43,Familiar,Selva,403.19,3,12,6,4.34,1
U3127,22,Negocios,Costa,257.06,17,3,3,3.98,1
U3128,52,Turismo,Sierra,449.05,9,12,5,4.58,1
U3129,45,Familiar,Costa,384.59,8,12,3,5.0,1
U3130,46,Turismo,Selva,345.54,6,11,3,4.72,1
U3131,26,Turismo,Costa,326.1,15,11,2,4.35,1
U3132,55,Turismo,Costa,348.83,10,9,3,4.96,1
U3133,23,Turismo,Sierra,446.4,6,13,2,4.66,1
U3134,36,Negocios,Costa,340.98,15,7,2,4.14,1
U3135,61,Turismo,Sierra,431.4,14,13,5,5.0,1
U3136,28,Negocios,Costa,407.7,19,12,4,4.86,1
U3137,19,Turismo,Selva,247.17,13,5,0,3.61,1
U3138,64,Turismo,Costa,246.51,14,4,2,3.92,1
U3139,61,Turismo,Costa,187.76,3,2,4,3.87,1
U3140,61,Negocios,Sierra,463.58,4,12,5,4.48,1
U3141,26,Turismo,Costa,254.42,14,4,2,3.95,1
U3142,38,Familiar,Selva,444.25,14,13,2,4.59,1
U3143,41,Negocios,Costa,370.1,8,10,4,3.93,1
U3144,51,Negocios,Sierra,236.22,10,6,3,3.8,1
U3145,39,Negocios,Costa,461.04,9,14,4,4.86,1
U3146,20,Familiar,Selva,273.21,14,7,2,4.35,1
U3147,29,Turismo,Sierra,300.64,8,6,4,3.73,1
U3148,45,Turismo,Costa,184.0,11,2,2,3.27,0
U3149,47,Negocios,Costa,477.63,10,11,0,4.42,0
U3150,43,Turismo,Costa,131.34,18,2,3,3.88,1
U3151,38,Familiar,Selva,106.07,4,5,3,3.56,0
U3152,45,Familiar,Costa,252.26,4,4,5,4.07,1
U3153,43,Turismo,Costa,384.47,12,12,6,4.48,1
U3154,50,Negocios,Costa,358.03,18,9,2,4.18,1
U3155,38,Negocios,Costa,377.07,8,13,10,4.4,1
U3156,52,Negocios,Sierra,534.3,3,13,3,4.46,0
U3157,51,Turismo,Selva,308.43,18,8,1,4.44,1
U3158,58,Negocios,Sierra,381.23,7,12,5,4.57,1
U3159,64,Turismo,Selva,422.28,1,8,3,4.62,0
U3160,35,Turismo,Sierra,391.99,13,9,2,4.67,1
U3161,28,Pareja,Costa,463.89,3,11,2,3.97,0
U3162,40,Turismo,Costa,319.14,3,8,6,4.34,1
U3163,39,Familiar,Sierra,396.76,15,11,1,4.47,1
U3164,34,Familiar,Selva,186.82,19,3,2,4.16,1
U3165,22,Negocios,Selva,225.42,4,5,5,3.48,1
U3166,61,Familiar,Costa,436.54,13,12,2,4.66,1
U3167,28,Turismo,Costa,287.11,13,7,4,3.69,1
U3168,47,Turismo,Costa,349.92,15,4,3,4.01,1
U3169,32,Turismo,Selva,281.0,19,4,3,4.04,1
U3170,44,Pareja,Selva,399.7,16,7,3,4.23,1
U3171,52,Turismo,Sierra,83.0,7,2,1,2.91,0
U3172,50,Turismo,Costa,289.21,3,2,1,4.52,0
U3173,37,Pareja,Sierra,164.07,2,6,4,3.82,0
U3174,33,Negocios,Costa,131.39,18,2,4,3.8,1
U3175,51,Turismo,Costa,306.78,11,11,2,4.75,1
U3176,19,Familiar,Sierra,362.12,1,9,4,3.98,1
U3177,52,Familiar,Costa,215.75,16,3,2,3.81,1
U3178,57,Pareja,Costa,345.28,17,7,2,4.49,1
U3179,45,Pareja,Selva,389.99,16,11,3,4.09,1
U3180,64,Negocios,Sierra,455.67,10,11,3,4.38,1
U3181,56,Familiar,Costa,236.68,17,6,2,4.25,1
U3182,23,Turismo,Sierra,456.82,3,11,2,4.08,0
U3183,26,Turismo,Costa,437.31,18,13,2,4.62,1
U3184,37,Negocios,Sierra,556.64,19,13,1,5.0,1
U3185,18,Turismo,Sierra,304.69,14,5,2,4.08,1
U3186,25,Pareja,Sierra,179.26,2,2,3,3.79,0
U3187,40,Pareja,Sierra,237.17,12,4,1,3.98,1
U3188,20,Turismo,Costa,410.61,11,14,3,4.84,1
U3189,21,Negocios,Costa,456.82,17,13,1,4.86,1
U3190,42,Turismo,Costa,245.89,6,5,1,4.02,1
U3191,64,Familiar,Costa,252.87,19,3,3,3.97,1
U3192,55,Familiar,Sierra,371.95,13,13,4,4.38,1
U3193,32,Turismo,Costa,200.17,7,3,7,3.54,1
U3194,38,Negocios,Costa,158.68,11,3,2,3.57,1
U3195,52,Turismo,Costa,361.76,7,12,3,4.33,1
U3196,63,Turismo,Selva,224.74,13,2,2,3.67,1
U3197,31,Pareja,Costa,450.64,13,11,4,4.71,1
U3198,53,Turismo,Sierra,100.03,1,3,1,3.44,0
U3199,29,Turismo,Costa,398.63,19,7,3,4.45,1
U3200,34,Turismo,Costa,309.08,19,4,6,4.38,1
U3201,56,Negocios,Costa,327.08,15,11,1,4.4,1
U3202,26,Pareja,Sierra,324.66,14,6,4,4.25,1
U3203,52,Turismo,Sierra,171.43,3,2,3,3.6,0
U3204,30,Turismo,Selva,345.07,4,9,3,4.48,0
U3205,32,Turismo,Costa,491.17,7,14,2,5.0,1
U3206,35,Turismo,Costa,285.1,1,5,3,4.19,1
U3207,50,Turismo,Selva,343.54,19,10,4,4.22,1
U3208,23,Familiar,Costa,232.23,3,5,1,4.24,1
U3209,44,Turismo,Sierra,190.75,15,3,3,3.39,1
U3210,40,Turismo,Sierra,296.02,13,4,4,3.64,1
U3211,44,Negocios,Costa,190.22,14,6,4,4.15,1
U3212,51,Turismo,Sierra,430.75,7,13,3,4.22,0
U3213,63,Negocios,Costa,473.04,1,11,2,5.0,0
U3214,55,Turismo,Costa,496.25,13,14,4,4.85,1
U3215,31,Familiar,Costa,513.62,4,14,6,5.0,1
U3216,53,Familiar,Selva,298.13,12,7,3,4.04,1
U3217,25,Turismo,Costa,269.57,7,8,7,4.21,1
U3218,52,Turismo,Sierra,263.88,2,5,3,3.67,0
U3219,36,Negocios,Selva,293.31,17,8,2,3.75,1
U3220,47,Turismo,Sierra,505.94,1,11,2,4.88,1
U3221,31,Familiar,Sierra,230.97,14,4,5,3.63,1
U3222,37,Negocios,Costa,359.63,1,8,4,4.12,1
U3223,42,Turismo,Costa,346.22,3,5,1,4.32,1
U3224,57,Familiar,Costa,406.23,11,14,3,5.0,1
U3225,41,Familiar,Sierra,347.08,7,14,1,4.28,1
U3226,31,Negocios,Selva,374.47,9,9,5,4.37,1
U3227,43,Turismo,Selva,406.11,3,10,4,4.35,1
U3228,55,Negocios,Selva,307.05,1,8,0,3.74,0
U3229,40,Negocios,Selva,292.16,19,9,2,3.8,1
U3230,39,Pareja,Costa,365.46,2,9,2,3.77,0
U3231,36,Familiar,Sierra,215.47,5,3,3,4.4,1
U3232,63,Familiar,Selva,388.3,17,10,6,4.88,1
U3233,20,Negocios,Costa,248.89,19,7,3,3.66,1
U3234,59,Familiar,Selva,432.87,5,12,3,5.0,1
U3235,36,Turismo,Costa,302.07,14,5,3,3.88,1
U3236,26,Turismo,Sierra,208.02,10,6,3,3.99,1
U3237,45,Turismo,Sierra,467.43,7,11,2,4.34,1
U3238,37,Negocios,Selva,296.04,8,6,1,3.78,1
U3239,62,Familiar,Costa,370.3,8,8,1,4.55,0
U3240,24,Turismo,Sierra,308.24,7,10,2,3.92,1
U3241,31,Negocios,Sierra,361.88,13,8,1,4.54,1
U3242,26,Negocios,Costa,289.96,14,10,4,4.55,1
U3243,36,Negocios,Sierra,213.68,19,5,5,3.71,1
U3244,64,Negocios,Sierra,407.58,11,11,5,4.67,1
U3245,31,Turismo,Sierra,380.61,2,11,2,3.82,0
U3246,55,Familiar,Costa,262.47,17,5,4,3.91,1
U3247,53,Negocios,Costa,401.9,6,7,2,4.5,0
U3248,57,Negocios,Sierra,350.56,9,9,4,4.37,1
U3249,34,Turismo,Costa,407.68,19,10,4,4.6,1
U3250,47,Familiar,Costa,191.1,5,2,7,3.42,1
U3251,26,Turismo,Selva,189.62,9,2,2,3.16,1
U3252,50,Turismo,Sierra,412.15,7,14,2,4.65,1
U3253,42,Turismo,Sierra,368.38,4,9,9,4.91,1
U3254,31,Turismo,Costa,543.4,18,12,4,5.0,1
U3255,28,Negocios,Costa,332.15,18,8,5,4.74,1
U3256,52,Familiar,Costa,358.84,17,10,1,4.82,1
U3257,58,Turismo,Costa,473.64,4,12,0,4.85,0
U3258,31,Turismo,Sierra,290.02,16,4,4,3.47,1
U3259,47,Familiar,Sierra,416.36,5,11,3,4.97,1
U3260,58,Turismo,Costa,423.43,9,13,1,4.67,1
U3261,21,Negocios,Costa,340.54,2,6,6,4.39,1
U3262,21,Turismo,Costa,244.92,2,4,1,3.9,0
U3263,45,Negocios,Costa,329.0,4,6,0,4.24,0
U3264,25,Negocios,Costa,353.45,17,11,1,4.43,1
U3265,19,Turismo,Selva,165.1,19,2,1,3.5,1
U3266,58,Familiar,Sierra,421.47,3,12,6,5.0,1
U3267,63,Pareja,Sierra,199.34,5,5,3,3.27,0
U3268,39,Turismo,Costa,287.04,10,7,2,3.68,0
U3269,58,Negocios,Selva,152.68,6,3,7,3.58,1
U3270,33,Negocios,Sierra,383.83,3,14,4,4.9,1
U3271,46,Familiar,Sierra,449.55,17,8,2,5.0,1
U3272,47,Turismo,Costa,319.52,10,9,2,3.92,1
U3273,29,Turismo,Selva,168.39,12,2,3,3.32,1
U3274,52,Familiar,Selva,465.08,1,14,1,4.49,1
U3275,28,Familiar,Selva,208.01,18,5,1,3.8,1
U3276,63,Familiar,Costa,391.55,19,12,2,5.0,1
U3277,38,Negocios,Costa,352.82,4,5,3,4.15,1
U3278,38,Familiar,Costa,478.97,15,14,3,5.0,1
U3279,22,Familiar,Costa,332.62,9,6,6,4.63,1
U3280,37,Turismo,Selva,517.53,6,13,8,4.45,1
U3281,54,Turismo,Costa,449.38,12,13,2,5.0,1
U3282,20,Turismo,Costa,250.03,18,5,2,3.95,1
U3283,61,Pareja,Costa,300.5,15,10,2,4.18,1
U3284,50,Negocios,Costa,308.61,19,8,1,4.39,1
U3285,26,Turismo,Costa,452.94,9,14,3,5.0,1
U3286,26,Negocios,Sierra,176.29,13,3,1,3.98,1
U3287,21,Familiar,Sierra,271.7,16,2,4,3.88,1
U3288,52,Negocios,Costa,427.31,13,10,4,4.88,1
U3289,34,Negocios,Costa,243.72,1,2,4,3.82,0
U3290,51,Turismo,Costa,299.72,18,7,2,3.97,1
U3291,41,Pareja,Costa,165.01,3,3,1,3.45,0
U3292,49,Negocios,Sierra,327.5,17,5,2,3.58,1
U3293,18,Negocios,Sierra,322.3,5,7,2,3.77,0
U3294,25,Familiar,Sierra,321.97,6,6,5,4.58,1
U3295,62,Turismo,Sierra,447.59,17,12,3,4.71,1
U3296,40,Pareja,Costa,321.07,17,7,2,3.82,1
U3297,64,Negocios,Selva,338.86,1,4,6,3.35,1
U3298,57,Turismo,Selva,250.45,7,6,4,3.47,0
U3299,29,Negocios,Selva,201.21,16,3,4,3.32,1
U3300,29,Negocios,Costa,409.81,5,8,2,4.33,1
U3301,63,Turismo,Selva,242.98,16,4,1,4.04,1
U3302,64,Turismo,Selva,188.14,4,2,2,3.31,0
U3303,32,Familiar,Selva,337.32,11,9,5,4.93,1
U3304,58,Turismo,Costa,383.94,14,9,3,3.91,1
U3305,36,Turismo,Sierra,227.41,13,4,4,3.55,1
U3306,43,Turismo,Selva,443.99,8,14,1,4.82,1
U3307,46,Pareja,Sierra,360.89,15,8,4,4.38,1
U3308,39,Turismo,Sierra,376.85,18,10,5,4.15,1
U3309,57,Turismo,Selva,299.5,7,9,3,4.35,1
U3310,38,Turismo,Costa,240.48,19,4,1,4.12,1
U3311,55,Turismo,Sierra,530.79,9,14,3,4.56,1
U3312,37,Turismo,Costa,254.92,11,3,2,3.95,1
U3313,46,Pareja,Selva,536.97,10,14,5,4.99,1
U3314,21,Turismo,Costa,357.85,14,11,3,4.28,1
U3315,24,Familiar,Sierra,381.26,16,8,2,4.97,1
U3316,45,Negocios,Sierra,295.33,8,8,3,3.74,1
U3317,45,Turismo,Sierra,310.57,1,10,1,4.16,0
U3318,21,Pareja,Sierra,243.16,12,6,1,3.41,1
U3319,39,Negocios,Selva,267.67,3,5,4,3.82,1
U3320,29,Pareja,Selva,401.37,2,9,5,3.93,1
U3321,62,Turismo,Costa,276.62,16,5,1,3.92,1
U3322,20,Pareja,Costa,253.43,4,5,3,3.48,0
U3323,39,Turismo,Costa,387.24,2,13,3,4.86,1
U3324,61,Turismo,Costa,474.12,12,13,2,4.91,1
U3325,19,Negocios,Sierra,264.84,17,3,2,4.01,1
U3326,41,Turismo,Selva,475.98,10,14,4,4.55,1
U3327,51,Negocios,Selva,141.82,8,2,4,3.72,1
U3328,44,Negocios,Costa,301.53,18,5,1,4.06,1
U3329,58,Negocios,Costa,389.12,18,8,2,4.41,1
U3330,18,Turismo,Sierra,515.5,18,13,3,5.0,1
U3331,25,Familiar,Sierra,350.31,2,10,0,4.36,0
U3332,40,Negocios,Costa,394.01,12,10,1,4.86,1
U3333,55,Negocios,Selva,412.12,10,13,7,4.62,1
U3334,23,Turismo,Selva,348.29,8,11,3,4.08,1
U3335,39,Negocios,Costa,273.6,19,2,2,3.45,1
U3336,42,Negocios,Selva,311.54,10,6,7,3.61,1
U3337,35,Negocios,Costa,392.39,11,8,4,4.72,1
U3338,34,Pareja,Sierra,399.83,14,14,1,5.0,1
U3339,29,Familiar,Costa,342.17,15,8,3,4.61,1
U3340,23,Turismo,Costa,419.83,10,11,2,4.63,1
U3341,43,Turismo,Selva,263.92,4,7,3,4.11,1
U3342,44,Turismo,Costa,491.02,7,12,11,4.8,1
U3343,25,Turismo,Sierra,382.13,11,11,4,4.64,1
U3344,36,Turismo,Costa,283.78,3,5,1,4.11,0
U3345,59,Turismo,Costa,211.36,5,4,2,3.86,1
U3346,18,Turismo,Costa,379.13,2,13,3,4.4,1
U3347,46,Negocios,Costa,506.72,12,14,2,4.63,1
U3348,62,Turismo,Sierra,391.14,5,10,2,3.33,1
U3349,52,Familiar,Costa,450.71,7,13,2,5.0,1
U3350,57,Turismo,Sierra,447.16,4,14,2,4.55,1
U3351,31,Familiar,Sierra,412.0,11,11,2,4.55,1
U3352,52,Pareja,Sierra,324.41,9,5,7,3.31,1
U3353,62,Negocios,Costa,315.78,4,9,3,4.09,0
U3354,37,Turismo,Selva,489.08,9,14,0,4.45,0
U3355,30,Turismo,Costa,204.56,12,2,5,3.47,1
U3356,55,Pareja,Costa,318.53,16,8,2,4.34,1
U3357,63,Pareja,Costa,356.57,1,13,4,4.6,1
U3358,25,Turismo,Costa,304.93,8,7,2,3.75,0
U3359,60,Negocios,Costa,494.7,1,14,3,4.5,1
U3360,37,Familiar,Sierra,455.05,19,13,3,4.47,1
U3361,50,Negocios,Costa,122.5,4,2,8,4.09,1
U3362,43,Familiar,Costa,323.45,14,5,5,4.84,1
U3363,56,Pareja,Sierra,521.24,14,13,7,4.44,1
U3364,38,Turismo,Costa,277.84,9,6,3,3.46,0
U3365,59,Turismo,Costa,532.18,9,12,2,4.9,1
U3366,60,Turismo,Costa,308.49,17,9,4,4.28,1
U3367,58,Turismo,Sierra,197.49,15,5,4,3.74,1
U3368,26,Turismo,Costa,188.14,10,4,3,4.0,1
U3369,41,Familiar,Costa,228.91,17,3,3,4.24,1
U3370,54,Pareja,Sierra,172.18,9,5,0,3.26,0
U3371,58,Pareja,Sierra,401.08,4,12,3,4.49,0
U3372,34,Negocios,Sierra,541.14,14,11,1,4.89,1
U3373,41,Familiar,Selva,385.88,3,14,1,4.55,1
U3374,38,Familiar,Costa,233.74,12,5,3,4.31,1
U3375,56,Turismo,Costa,409.26,1,14,2,4.55,1
U3376,58,Negocios,Costa,380.17,1,11,3,5.0,0
U3377,56,Turismo,Costa,265.91,13,6,3,3.63,1
U3378,30,Pareja,Costa,427.59,14,14,1,5.0,1
U3379,28,Turismo,Costa,319.94,16,8,3,3.74,1
U3380,63,Familiar,Sierra,403.85,7,10,3,5.0,1
U3381,36,Turismo,Sierra,285.92,10,3,4,3.38,1
U3382,28,Familiar,Costa,269.09,15,6,1,4.4,1
U3383,30,Negocios,Sierra,416.92,8,12,1,3.95,1
U3384,63,Turismo,Costa,417.57,11,11,2,4.18,1
U3385,62,Turismo,Costa,310.4,14,10,2,4.59,1
U3386,18,Negocios,Sierra,431.22,13,13,2,4.82,1
U3387,57,Familiar,Costa,435.79,13,14,3,5.0,1
U3388,61,Negocios,Costa,286.47,9,4,0,4.2,1
U3389,36,Turismo,Costa,282.03,17,2,6,4.18,1
U3390,29,Turismo,Selva,177.8,18,3,2,3.3,1
U3391,25,Turismo,Sierra,369.53,19,7,5,3.67,1
U3392,25,Negocios,Costa,210.4,13,6,0,3.92,0
U3393,62,Negocios,Selva,204.47,12,2,2,3.34,1
U3394,29,Pareja,Sierra,207.44,8,2,5,3.63,1
U3395,50,Turismo,Sierra,342.43,11,12,4,4.45,1
U3396,62,Familiar,Selva,219.67,7,5,2,3.78,0
U3397,43,Pareja,Costa,392.56,1,13,2,4.85,1
U3398,56,Negocios,Costa,195.53,10,5,3,4.04,1
U3399,45,Turismo,Sierra,172.22,15,7,1,3.91,1
U3400,22,Turismo,Sierra,295.17,4,7,3,3.82,1
U3401,25,Pareja,Sierra,390.07,1,11,6,4.56,1
U3402,42,Pareja,Sierra,300.8,11,7,2,4.11,1
U3403,44,Turismo,Selva,232.72,5,2,3,3.76,1
U3404,63,Familiar,Selva,297.52,19,11,1,4.95,1
U3405,40,Negocios,Selva,353.14,19,10,0,4.3,1
U3406,47,Pareja,Selva,544.63,4,12,2,4.51,1
U3407,62,Pareja,Selva,372.09,2,8,3,3.81,1
U3408,64,Negocios,Costa,372.38,7,8,6,4.68,1
U3409,40,Turismo,Costa,365.8,13,12,1,4.64,1
U3410,64,Negocios,Costa,317.96,12,8,2,4.74,1
U3411,37,Turismo,Selva,101.66,2,3,4,2.74,0
U3412,35,Familiar,Sierra,245.93,9,3,3,4.22,1
U3413,35,Turismo,Sierra,375.55,16,7,6,4.02,1
U3414,19,Negocios,Costa,255.26,8,8,2,4.0,0
U3415,21,Turismo,Costa,180.93,18,4,4,3.53,1
U3416,47,Pareja,Sierra,459.47,4,14,6,4.89,1
U3417,50,Turismo,Costa,268.76,11,5,2,4.17,1
U3418,53,Turismo,Costa,411.76,17,13,3,4.33,1
U3419,35,Negocios,Costa,198.11,8,4,1,3.85,0
U3420,54,Pareja,Costa,287.52,19,8,6,4.39,1
U3421,36,Familiar,Sierra,325.3,8,8,4,4.4,1
U3422,64,Turismo,Costa,290.4,6,5,2,4.36,1
U3423,45,Negocios,Sierra,458.6,2,14,4,4.53,1
U3424,57,Negocios,Costa,320.51,15,8,4,3.56,1
U3425,37,Negocios,Selva,195.35,1,6,2,3.75,1
U3426,50,Turismo,Costa,237.79,6,2,5,3.83,1
U3427,29,Pareja,Sierra,391.84,19,11,2,4.43,1
U3428,32,Turismo,Sierra,239.26,4,5,2,4.06,1
U3429,58,Familiar,Costa,340.51,13,8,3,4.0,1
U3430,56,Turismo,Selva,418.88,15,14,4,4.47,1
U3431,19,Familiar,Sierra,195.86,9,3,2,3.56,1
U3432,46,Familiar,Costa,222.04,3,3,3,3.73,1
U3433,58,Negocios,Costa,160.51,2,2,5,3.6,0
U3434,27,Turismo,Selva,134.37,16,3,4,3.63,1
U3435,19,Turismo,Sierra,303.99,18,11,2,4.25,1
U3436,28,Negocios,Costa,372.26,18,9,4,4.19,1
U3437,30,Turismo,Costa,415.07,6,12,2,4.59,1
U3438,27,Turismo,Selva,346.65,18,9,3,4.42,1
U3439,31,Pareja,Sierra,291.88,11,9,2,4.24,1
U3440,35,Turismo,Sierra,193.41,7,2,2,3.32,0
U3441,26,Familiar,Costa,174.42,14,2,4,3.76,1
U3442,56,Turismo,Sierra,408.85,18,13,0,3.95,1
U3443,45,Familiar,Costa,390.66,7,11,1,4.7,1
U3444,20,Turismo,Costa,275.92,10,5,6,3.48,1
U3445,37,Familiar,Sierra,393.03,8,7,3,5.0,1
U3446,23,Turismo,Selva,378.24,14,9,4,3.95,1
U3447,44,Turismo,Costa,503.95,18,14,6,5.0,1
U3448,19,Turismo,Costa,271.89,5,3,4,4.44,1
U3449,46,Turismo,Sierra,422.87,14,14,3,4.61,1
U3450,55,Negocios,Sierra,222.83,10,4,2,3.62,1
U3451,20,Negocios,Selva,260.29,15,7,6,3.47,1
U3452,33,Negocios,Sierra,360.32,6,11,8,4.12,1
U3453,47,Familiar,Costa,239.68,9,5,5,4.71,1
U3454,57,Negocios,Selva,403.57,10,13,2,4.56,1
U3455,19,Negocios,Sierra,227.86,17,3,1,3.61,0
U3456,34,Familiar,Selva,349.4,1,8,6,4.79,1
U3457,58,Turismo,Sierra,195.79,14,5,3,3.85,1
U3458,29,Turismo,Selva,334.37,4,9,1,4.07,0
U3459,52,Negocios,Costa,334.92,2,9,2,4.38,0
U3460,60,Pareja,Costa,254.13,3,8,1,3.88,1
U3461,18,Familiar,Selva,356.1,7,11,5,4.39,1
U3462,62,Familiar,Costa,415.86,14,10,3,4.77,1
U3463,32,Turismo,Costa,304.12,12,5,2,4.23,1
U3464,43,Familiar,Sierra,246.29,19,8,4,3.82,1
U3465,54,Negocios,Selva,418.02,18,11,5,4.41,1
U3466,38,Negocios,Costa,320.9,15,11,3,4.27,1
U3467,48,Negocios,Selva,418.77,1,13,2,4.22,1
U3468,42,Turismo,Sierra,189.57,3,2,6,3.36,0
U3469,40,Turismo,Sierra,298.73,15,5,0,3.15,1
U3470,41,Turismo,Selva,207.93,4,3,2,3.34,0
U3471,55,Negocios,Costa,321.5,15,10,6,4.01,1
U3472,45,Turismo,Costa,224.12,10,6,3,3.86,1
U3473,38,Familiar,Costa,247.28,6,4,4,3.51,1
U3474,60,Turismo,Sierra,229.41,13,5,1,3.77,0
U3475,35,Familiar,Sierra,285.1,7,7,4,4.49,1
U3476,53,Negocios,Selva,442.93,1,11,2,4.4,1
U3477,52,Familiar,Sierra,216.18,11,2,1,3.98,1
U3478,62,Turismo,Sierra,407.1,14,8,2,4.06,1
U3479,26,Negocios,Sierra,299.06,6,9,3,3.58,1
U3480,55,Negocios,Costa,292.29,5,8,3,4.19,0
U3481,47,Turismo,Costa,336.94,19,8,3,4.48,1
U3482,61,Familiar,Selva,463.13,19,10,4,4.33,1
U3483,51,Turismo,Costa,421.32,13,14,3,4.6,1
U3484,49,Turismo,Costa,263.02,7,5,4,3.9,1
U3485,20,Familiar,Sierra,393.81,8,8,3,5.0,1
U3486,20,Turismo,Costa,374.69,14,10,1,4.52,1
U3487,45,Turismo,Selva,334.31,19,6,1,3.4,1
U3488,61,Turismo,Costa,314.53,19,3,1,3.33,1
U3489,32,Negocios,Costa,298.07,12,6,4,4.32,1
U3490,58,Turismo,Costa,284.02,9,5,3,4.76,1
U3491,40,Turismo,Sierra,387.12,14,9,7,4.14,1
U3492,57,Pareja,Costa,238.1,6,6,7,3.87,1
U3493,28,Turismo,Sierra,298.11,15,10,4,4.23,1
U3494,49,Turismo,Selva,380.11,13,10,4,4.02,1
U3495,53,Turismo,Selva,207.62,7,4,3,2.85,0
U3496,50,Pareja,Costa,513.71,11,14,10,5.0,1
U3497,41,Familiar,Costa,410.13,10,11,3,4.69,1
U3498,56,Turismo,Sierra,357.32,1,7,4,4.38,0
U3499,51,Familiar,Selva,245.45,7,7,2,3.91,1
U3500,45,Turismo,Selva,311.17,18,5,5,3.91,1
